white,fixed_acidity,volatile_acidity,citric_acid,residual_sugar,chlorides,free_sulfur_dioxide,total_sulfur_dioxide,density,pH,sulphates,alcohol,quality
0,5.4,0.74,0,1.2,0.041,16,46,0.99258,4.01,0.59,12.5,6
0,5,0.74,0,1.2,0.041,16,46,0.99258,4.01,0.59,12.5,6
0,5.1,0.47,0.02,1.3,0.034,18,44,0.9921,3.9,0.62,12.8,6
0,4.6,0.52,0.15,2.1,0.054,8,65,0.9934,3.9,0.56,13.1,4
0,4.7,0.6,0.17,2.3,0.058,17,106,0.9932,3.85,0.6,12.9,6
1,5.7,0.27,0.32,1.2,0.046,20,155,0.9934,3.8,0.41,10.2,6
1,6.3,0.2,0.24,1.7,0.052,36,135,0.99374,3.8,0.66,10.8,6
1,4.6,0.445,0,1.4,0.053,11,178,0.99426,3.79,0.55,10.2,5
0,5.4,0.42,0.27,2,0.092,23,55,0.99471,3.78,0.64,12.3,7
0,5.2,0.645,0,2.15,0.08,15,28,0.99444,3.78,0.61,12.5,6
1,5.8,0.19,0.24,1.3,0.044,38,128,0.99362,3.77,0.6,10.6,5
1,5.4,0.22,0.29,1.2,0.045,69,152,0.99178,3.76,0.63,11,7
1,4.7,0.145,0.29,1,0.042,35,90,0.9908,3.76,0.49,11.3,6
0,5,1.02,0.04,1.4,0.045,41,85,0.9938,3.75,0.48,10.5,4
1,5,0.255,0.22,2.7,0.043,46,153,0.99238,3.75,0.76,11.3,6
1,3.8,0.31,0.02,11.1,0.036,20,114,0.99248,3.75,0.44,12.4,6
1,5.6,0.2,0.22,1.3,0.049,25,155,0.99296,3.74,0.43,10,5
0,5,1.04,0.24,1.6,0.05,32,96,0.9934,3.74,0.62,11.5,5
0,5.6,0.54,0.04,1.7,0.049,5,13,0.9942,3.72,0.58,11.4,5
0,5.6,0.54,0.04,1.7,0.049,5,13,0.9942,3.72,0.58,11.4,5
0,5,0.42,0.24,2,0.06,19,50,0.9917,3.72,0.74,14,8
0,5.2,0.49,0.26,2.3,0.09,23,74,0.9953,3.71,0.62,12.2,6
0,5.6,0.66,0,2.2,0.087,3,11,0.99378,3.71,0.63,12.8,7
0,5.6,0.66,0,2.2,0.087,3,11,0.99378,3.71,0.63,12.8,7
0,4.9,0.42,0,2.1,0.048,16,42,0.99154,3.71,0.74,14,7
1,5.7,0.18,0.36,1.2,0.046,9,71,0.99199,3.7,0.68,10.9,7
0,5,0.38,0.01,1.6,0.048,26,60,0.99084,3.7,0.75,14,6
0,6.9,0.54,0.04,3,0.077,7,27,0.9987,3.69,0.91,9.4,6
0,6.9,0.54,0.04,3,0.077,7,27,0.9987,3.69,0.91,9.4,6
0,6.6,0.61,0.01,1.9,0.08,8,25,0.99746,3.69,0.73,10.5,5
0,6.6,0.61,0.01,1.9,0.08,8,25,0.99746,3.69,0.73,10.5,5
1,5,0.24,0.21,2.2,0.039,31,100,0.99098,3.69,0.62,11.7,6
0,6.9,0.67,0.06,2.1,0.08,8,33,0.99845,3.68,0.71,9.6,5
1,5.9,0.17,0.3,1.4,0.042,25,119,0.9931,3.68,0.72,10.5,6
1,6.1,0.16,0.29,6,0.03,29,144,0.99474,3.68,0.46,10.7,6
0,5.6,0.915,0,2.1,0.041,17,78,0.99346,3.68,0.73,11.4,5
0,5.1,0.42,0,1.8,0.044,18,88,0.99157,3.68,0.73,13.6,7
0,5.2,0.34,0,1.8,0.05,27,63,0.9916,3.68,0.79,14,6
0,5.2,0.34,0,1.8,0.05,27,63,0.9916,3.68,0.79,14,6
0,7.1,0.63,0.06,2,0.083,8,29,0.99855,3.67,0.73,9.6,5
0,7.2,0.65,0.02,2.3,0.094,5,31,0.9993,3.67,0.8,9.7,5
1,5,0.24,0.19,5,0.043,17,101,0.99438,3.67,0.57,10,5
0,5.4,0.74,0.09,1.7,0.089,16,26,0.99402,3.67,0.56,11.6,6
0,6.5,0.46,0.14,2.4,0.114,9,37,0.99732,3.66,0.65,9.8,5
0,6.5,0.46,0.14,2.4,0.114,9,37,0.99732,3.66,0.65,9.8,5
0,5.6,0.62,0.03,1.5,0.08,6,13,0.99498,3.66,0.62,10.1,4
1,6.1,0.16,0.24,1.4,0.046,17,77,0.99319,3.66,0.57,10.3,6
1,5.8,0.28,0.66,9.1,0.039,26,159,0.9965,3.66,0.55,10.8,5
1,5.8,0.28,0.66,9.1,0.039,26,159,0.9965,3.66,0.55,10.8,5
0,5.8,1.01,0.66,2,0.039,15,88,0.99357,3.66,0.6,11.5,6
1,4.8,0.21,0.21,10.2,0.037,17,112,0.99324,3.66,0.48,12.2,7
1,4.2,0.17,0.36,1.8,0.029,93,161,0.98999,3.65,0.89,12,7
1,6.9,0.21,0.33,1.4,0.056,35,136,0.9938,3.63,0.78,10.3,6
1,6,0.16,0.3,6.7,0.043,43,153,0.9951,3.63,0.46,10.6,5
1,6,0.16,0.3,6.7,0.043,43,153,0.9951,3.63,0.46,10.6,5
0,7.4,1.185,0,4.25,0.097,5,14,0.9966,3.63,0.54,10.7,3
1,5.9,0.26,0.24,2.4,0.046,27,132,0.99234,3.63,0.73,11.3,5
0,5.6,0.5,0.09,2.3,0.049,17,99,0.9937,3.63,0.63,13,5
0,5.6,0.5,0.09,2.3,0.049,17,99,0.9937,3.63,0.63,13,5
0,6.8,0.77,0,1.8,0.066,34,52,0.9976,3.62,0.68,9.9,5
0,5.3,0.715,0.19,1.5,0.161,7,62,0.99395,3.62,0.61,11,5
0,6.5,0.58,0,2.2,0.096,3,13,0.99557,3.62,0.62,11.5,4
0,5.9,0.395,0.13,2.4,0.056,14,28,0.99362,3.62,0.67,12.4,6
0,6.7,0.54,0.13,2,0.076,15,36,0.9973,3.61,0.64,9.8,5
0,6.7,0.54,0.13,2,0.076,15,36,0.9973,3.61,0.64,9.8,5
0,7.3,0.66,0,2,0.084,6,23,0.9983,3.61,0.96,9.9,6
0,7.3,0.66,0,2,0.084,6,23,0.9983,3.61,0.96,9.9,6
0,7,0.22,0.3,1.8,0.065,16,20,0.99672,3.61,0.82,10,6
1,6.4,0.16,0.25,1.3,0.047,20,77,0.9933,3.61,0.54,10.2,6
1,6.3,0.16,0.22,1.3,0.046,18,66,0.99307,3.61,0.55,10.3,6
0,6.2,0.46,0.17,1.6,0.073,7,11,0.99425,3.61,0.54,11.4,5
0,6.5,0.61,0,2.2,0.095,48,59,0.99541,3.61,0.7,11.5,6
0,6.4,0.865,0.03,3.2,0.071,27,58,0.995,3.61,0.49,12.7,6
1,6.4,0.22,0.32,12,0.066,57,158,0.9992,3.6,0.43,9,6
0,8.1,0.87,0,3.3,0.096,26,61,1.00025,3.6,0.72,9.8,4
0,7,0.685,0,1.9,0.067,40,63,0.9979,3.6,0.81,9.9,5
1,7.6,0.18,0.36,2.4,0.049,38,123,0.996,3.6,0.46,10.3,5
1,7.6,0.18,0.36,2.4,0.049,38,123,0.996,3.6,0.46,10.3,5
0,6.1,0.53,0.08,1.9,0.077,24,45,0.99528,3.6,0.68,10.3,6
1,6.1,0.15,0.29,6.2,0.046,39,151,0.99471,3.6,0.44,10.6,6
1,6.1,0.15,0.29,6.2,0.046,39,151,0.99471,3.6,0.44,10.6,6
0,7.3,0.43,0.24,2.5,0.078,27,67,0.99648,3.6,0.59,11.1,6
0,6.3,0.98,0.01,2,0.057,15,33,0.99488,3.6,0.46,11.2,6
0,6.7,0.86,0.07,2,0.1,20,57,0.99598,3.6,0.74,11.7,6
1,6.6,0.32,0.24,1.3,0.06,42.5,204,0.99512,3.59,0.51,9.2,5
0,6.8,0.6,0.18,1.9,0.079,18,86,0.9968,3.59,0.57,9.3,6
0,6.4,0.64,0.21,1.8,0.081,14,31,0.99689,3.59,0.66,9.8,5
0,6.4,0.64,0.21,1.8,0.081,14,31,0.99689,3.59,0.66,9.8,5
0,6.4,0.64,0.21,1.8,0.081,14,31,0.99689,3.59,0.66,9.8,5
0,6.2,0.785,0,2.1,0.06,6,13,0.99664,3.59,0.61,10,4
1,6.3,0.1,0.24,6,0.039,25,107,0.99511,3.59,0.49,10.5,7
0,6.3,1.02,0,2,0.083,17,24,0.99437,3.59,0.55,11.2,4
0,6.6,0.58,0,2.2,0.1,50,63,0.99544,3.59,0.68,11.4,6
0,6.1,0.56,0,2.2,0.079,6,9,0.9948,3.59,0.54,11.5,6
1,5.8,0.2,0.24,1.4,0.033,65,169,0.99043,3.59,0.56,12.3,7
1,6.6,0.4,0.32,1.7,0.035,39,84,0.99096,3.59,0.48,12.7,7
0,6.4,0.63,0.21,1.6,0.08,12,32,0.99689,3.58,0.66,9.8,5
0,5.6,0.615,0,1.6,0.089,16,59,0.9943,3.58,0.52,9.9,5
1,6.4,0.44,0.26,2,0.054,20,180,0.9952,3.58,0.57,10,5
0,7.4,0.965,0,2.2,0.088,16,32,0.99756,3.58,0.67,10.2,5
0,7.5,0.52,0.42,2.3,0.087,8,38,0.9972,3.58,0.61,10.5,6
0,7.4,0.635,0.1,2.4,0.08,16,33,0.99736,3.58,0.69,10.8,7
0,7.4,0.635,0.1,2.4,0.08,16,33,0.99736,3.58,0.69,10.8,7
0,6.5,0.88,0.03,5.6,0.079,23,47,0.99572,3.58,0.5,11.2,4
0,6.6,0.815,0.02,2.7,0.072,17,34,0.9955,3.58,0.89,12.3,7
0,6,0.49,0,2.3,0.068,15,33,0.99292,3.58,0.59,12.5,6
0,6,0.58,0.2,2.4,0.075,15,50,0.99467,3.58,0.67,12.5,6
0,6.4,0.37,0.25,1.9,0.074,21,49,0.9974,3.57,0.62,9.8,6
0,6.9,0.765,0.02,2.3,0.063,35,63,0.9975,3.57,0.78,9.9,5
1,6.8,0.28,0.37,7,0.057,35,208,0.9973,3.57,0.55,10.2,5
0,5.9,0.645,0.12,2,0.075,32,44,0.99547,3.57,0.71,10.2,5
1,5.3,0.16,0.39,1,0.028,40,101,0.99156,3.57,0.59,10.6,6
1,5.3,0.16,0.39,1,0.028,40,101,0.99156,3.57,0.59,10.6,6
0,6.2,0.36,0.24,2.2,0.095,19,42,0.9946,3.57,0.57,11.7,6
0,6.2,0.36,0.24,2.2,0.095,19,42,0.9946,3.57,0.57,11.7,6
0,6.1,0.715,0.1,2.6,0.053,13,27,0.99362,3.57,0.5,11.9,5
0,6.2,0.65,0.06,1.6,0.05,6,18,0.99348,3.57,0.54,11.95,5
0,6.2,0.64,0.09,2.5,0.081,15,26,0.99538,3.57,0.63,12,5
1,5.1,0.11,0.32,1.6,0.028,12,90,0.99008,3.57,0.52,12.2,6
0,5.3,0.57,0.01,1.7,0.054,5,27,0.9934,3.57,0.84,12.5,7
1,3.9,0.225,0.4,4.2,0.03,29,118,0.989,3.57,0.36,12.8,8
0,5.4,0.835,0.08,1.2,0.046,13,93,0.9924,3.57,0.85,13,7
1,6.2,0.44,0.18,7.7,0.096,28,210,0.99771,3.56,0.72,9.2,5
1,6.2,0.44,0.18,7.7,0.096,28,210,0.99771,3.56,0.72,9.2,5
0,6.2,0.58,0,1.6,0.065,8,18,0.9966,3.56,0.84,9.4,5
0,6.4,0.47,0.4,2.4,0.071,8,19,0.9963,3.56,0.73,10.6,6
0,6.5,0.885,0,2.3,0.166,6,12,0.99551,3.56,0.51,10.8,5
0,6.4,0.885,0,2.3,0.166,6,12,0.99551,3.56,0.51,10.8,5
1,5.8,0.6,0,1.3,0.044,72,197,0.99202,3.56,0.43,10.9,5
0,5.9,0.61,0.08,2.1,0.071,16,24,0.99376,3.56,0.77,11.1,6
0,5.9,0.61,0.08,2.1,0.071,16,24,0.99376,3.56,0.77,11.1,6
0,6.2,0.52,0.08,4.4,0.071,11,32,0.99646,3.56,0.63,11.6,6
0,6.3,0.36,0.19,3.2,0.075,15,39,0.9956,3.56,0.52,12.7,6
0,5.6,0.85,0.05,1.4,0.045,12,88,0.9924,3.56,0.82,12.9,8
0,5.1,0.585,0,1.7,0.044,14,86,0.99264,3.56,0.94,12.9,7
0,5.6,0.605,0.05,2.4,0.073,19,25,0.99258,3.56,0.55,12.9,5
1,5.2,0.31,0.2,2.4,0.027,27,117,0.98886,3.56,0.45,13,7
1,5.2,0.3,0.34,1.5,0.038,18,96,0.98942,3.56,0.48,13,8
0,7,0.45,0.34,2.7,0.082,16,72,0.998,3.55,0.6,9.5,5
0,7.1,0.59,0.02,2.3,0.082,24,94,0.99744,3.55,0.53,9.7,6
0,7.1,0.59,0.02,2.3,0.082,24,94,0.99744,3.55,0.53,9.7,6
0,7.1,0.59,0.01,2.5,0.077,20,85,0.99746,3.55,0.59,9.8,5
0,6.7,0.76,0.02,1.8,0.078,6,12,0.996,3.55,0.63,9.95,3
1,5.2,0.185,0.22,1,0.03,47,123,0.99218,3.55,0.44,10.15,6
0,5.8,0.61,0.11,1.8,0.066,18,28,0.99483,3.55,0.66,10.9,6
1,5.9,0.12,0.27,4.8,0.03,40,110,0.99226,3.55,0.68,12.1,6
0,6.3,0.6,0.1,1.6,0.048,12,26,0.99306,3.55,0.51,12.1,5
0,6.7,0.75,0.01,2.4,0.078,17,32,0.9955,3.55,0.61,12.8,6
1,5.5,0.34,0.26,2.2,0.021,31,119,0.98919,3.55,0.49,13,8
0,6.8,0.61,0.2,1.8,0.077,11,65,0.9971,3.54,0.58,9.3,5
0,5.8,0.68,0.02,1.8,0.087,21,94,0.9944,3.54,0.52,10,5
1,7,0.27,0.29,3.9,0.059,28,199,0.9961,3.54,0.59,10.3,5
1,6.7,0.23,0.42,11.2,0.047,52,171,0.99758,3.54,0.74,10.4,5
1,7.4,0.18,0.29,1.4,0.042,34,101,0.99384,3.54,0.6,10.5,7
0,8.8,0.41,0.64,2.2,0.093,9,42,0.9986,3.54,0.66,10.5,5
0,8.8,0.41,0.64,2.2,0.093,9,42,0.9986,3.54,0.66,10.5,5
0,6,0.51,0,2.1,0.064,40,54,0.995,3.54,0.93,10.7,6
0,6,0.51,0,2.1,0.064,40,54,0.995,3.54,0.93,10.7,6
0,8.1,1.33,0,1.8,0.082,3,12,0.9964,3.54,0.48,10.9,5
0,6.6,0.855,0.02,2.4,0.062,15,23,0.99627,3.54,0.6,11,6
0,6.6,0.855,0.02,2.4,0.062,15,23,0.99627,3.54,0.6,11,6
1,6,0.19,0.29,1.1,0.047,67,152,0.9916,3.54,0.59,11.1,7
0,7.5,1.115,0.1,3.1,0.086,5,12,0.9958,3.54,0.6,11.2,4
0,6.2,0.56,0.09,1.7,0.053,24,32,0.99402,3.54,0.6,11.3,5
0,6.2,0.56,0.09,1.7,0.053,24,32,0.99402,3.54,0.6,11.3,5
1,5.6,0.35,0.4,6.3,0.022,23,174,0.9922,3.54,0.5,11.6,7
0,6.2,0.7,0.15,5.1,0.076,13,27,0.99622,3.54,0.6,11.9,6
0,5.2,0.48,0.04,1.6,0.054,19,106,0.9927,3.54,0.62,12.2,7
0,5.3,0.47,0.11,2.2,0.048,16,89,0.99182,3.54,0.88,13.56666667,7
0,5.3,0.47,0.11,2.2,0.048,16,89,0.99182,3.54,0.88,13.6,7
1,6.2,0.38,0.18,7.4,0.095,28,195,0.99773,3.53,0.71,9.2,4
0,6.9,0.84,0.21,4.1,0.074,16,65,0.99842,3.53,0.72,9.233333333,6
0,6.9,0.84,0.21,4.1,0.074,16,65,0.99842,3.53,0.72,9.25,6
0,7.2,0.6,0.04,2.5,0.076,18,88,0.99745,3.53,0.55,9.5,5
0,7.2,0.6,0.04,2.5,0.076,18,88,0.99745,3.53,0.55,9.5,5
1,6.2,0.255,0.24,1.7,0.039,138.5,272,0.99452,3.53,0.53,9.6,4
0,7.2,0.66,0.03,2.3,0.078,16,86,0.99743,3.53,0.57,9.7,5
0,7.2,0.66,0.03,2.3,0.078,16,86,0.99743,3.53,0.57,9.7,5
0,7.2,0.63,0.03,2.2,0.08,17,88,0.99745,3.53,0.58,9.8,6
0,6.6,0.88,0.04,2.2,0.066,12,20,0.99636,3.53,0.56,9.9,5
0,7,0.5,0.14,1.8,0.078,10,23,0.99636,3.53,0.61,10.4,5
0,8.2,0.2,0.43,2.5,0.076,31,51,0.99672,3.53,0.81,10.4,6
0,6.4,0.79,0.04,2.2,0.061,11,17,0.99588,3.53,0.65,10.4,6
1,7.3,0.19,0.25,1.4,0.051,41,107,0.99382,3.53,0.66,10.5,7
1,7.3,0.19,0.25,1.4,0.051,41,107,0.99382,3.53,0.66,10.5,7
0,8.2,0.4,0.44,2.8,0.089,11,43,0.9975,3.53,0.61,10.5,6
1,7.4,0.14,0.3,1.3,0.033,25,91,0.99268,3.53,0.39,10.6,6
0,6.9,0.56,0.03,1.5,0.086,36,46,0.99522,3.53,0.57,10.6,5
1,6.3,0.2,0.26,1.6,0.027,36,141,0.99268,3.53,0.56,10.8,6
1,6.8,0.25,0.24,1.6,0.045,39,164,0.99402,3.53,0.58,10.8,5
0,6.6,0.895,0.04,2.3,0.068,7,13,0.99582,3.53,0.58,10.8,6
0,8.2,1.33,0,1.7,0.081,3,12,0.9964,3.53,0.49,10.9,5
0,6.8,0.91,0.06,2,0.06,4,11,0.99592,3.53,0.64,10.9,4
0,6.8,0.915,0.29,4.8,0.07,15,39,0.99577,3.53,0.54,11.1,5
1,6.3,0.41,0.3,3.2,0.03,49,164,0.9927,3.53,0.79,11.7,7
1,6.3,0.41,0.3,3.2,0.03,49,164,0.9927,3.53,0.79,11.7,7
1,4.7,0.785,0,3.4,0.036,23,134,0.98981,3.53,0.92,13.8,6
0,6.7,0.62,0.21,1.9,0.079,8,62,0.997,3.52,0.58,9.3,6
0,7.3,0.51,0.18,2.1,0.07,12,28,0.99768,3.52,0.73,9.5,6
0,7.3,0.51,0.18,2.1,0.07,12,28,0.99768,3.52,0.73,9.5,6
0,6.2,0.43,0.22,1.8,0.078,21,56,0.99633,3.52,0.6,9.5,6
0,7.2,0.5,0.18,2.1,0.071,12,31,0.99761,3.52,0.72,9.6,6
0,7.6,0.39,0.31,2.3,0.082,23,71,0.9982,3.52,0.65,9.7,5
1,7.2,0.15,0.39,1.8,0.043,21,159,0.9948,3.52,0.47,10,5
1,7.2,0.15,0.39,1.8,0.043,21,159,0.9948,3.52,0.47,10,5
1,7,0.22,0.39,2.1,0.055,39,198,0.9951,3.52,0.54,10.2,6
0,7,0.6,0.12,2.2,0.083,13,28,0.9966,3.52,0.62,10.2,7
1,7.4,0.17,0.29,1.4,0.047,23,107,0.9939,3.52,0.65,10.4,6
1,6.6,0.19,0.43,10.9,0.045,53,154,0.99752,3.52,0.77,10.4,6
1,6.6,0.19,0.43,10.9,0.045,53,154,0.99752,3.52,0.77,10.4,6
1,7.4,0.18,0.24,1.4,0.047,21,106,0.99383,3.52,0.64,10.5,7
1,7.4,0.18,0.27,1.3,0.048,26,105,0.994,3.52,0.66,10.6,6
0,6,0.64,0.05,1.9,0.066,9,17,0.99496,3.52,0.78,10.6,5
0,6.8,0.785,0,2.4,0.104,14,30,0.9966,3.52,0.55,10.7,6
0,8.5,0.34,0.44,1.7,0.079,6,12,0.99605,3.52,0.63,10.7,5
0,6.7,1.04,0.08,2.3,0.067,19,32,0.99648,3.52,0.57,11,4
0,6.1,0.59,0.01,2.1,0.056,5,13,0.99472,3.52,0.56,11.4,5
1,5.2,0.405,0.15,1.45,0.038,10,44,0.99125,3.52,0.4,11.6,4
0,6.6,0.8,0.03,7.8,0.079,6,12,0.9963,3.52,0.5,12.2,5
0,6.6,0.84,0.03,2.3,0.059,32,48,0.9952,3.52,0.56,12.3,7
0,6.6,0.84,0.03,2.3,0.059,32,48,0.9952,3.52,0.56,12.3,7
0,7.2,0.25,0.37,2.5,0.063,11,41,0.99439,3.52,0.8,12.4,7
0,5.6,0.66,0,2.5,0.066,7,15,0.99256,3.52,0.58,12.9,5
0,7.4,0.7,0,1.9,0.076,11,34,0.9978,3.51,0.56,9.4,5
0,7.4,0.7,0,1.9,0.076,11,34,0.9978,3.51,0.56,9.4,5
0,7.4,0.66,0,1.8,0.075,13,40,0.9978,3.51,0.56,9.4,5
0,7.2,0.62,0.06,2.7,0.077,15,85,0.99746,3.51,0.54,9.5,5
0,7.2,0.62,0.06,2.7,0.077,15,85,0.99746,3.51,0.54,9.5,5
0,7.2,0.62,0.06,2.5,0.078,17,84,0.99746,3.51,0.53,9.7,5
0,7.2,0.635,0.07,2.6,0.077,16,86,0.99748,3.51,0.54,9.7,5
0,8.3,0.705,0.12,2.6,0.092,12,28,0.9994,3.51,0.72,10,5
0,7.8,0.91,0.07,1.9,0.058,22,47,0.99525,3.51,0.43,10.7,6
0,6.8,0.81,0.05,2,0.07,6,14,0.99562,3.51,0.66,10.8,6
0,6.2,0.44,0.39,2.5,0.077,6,14,0.99555,3.51,0.69,11,6
1,5.3,0.43,0.11,1.1,0.029,6,51,0.99076,3.51,0.48,11.2,4
0,6.3,0.68,0.01,3.7,0.103,32,54,0.99586,3.51,0.66,11.3,6
0,6.9,1.09,0.06,2.1,0.061,12,31,0.9948,3.51,0.43,11.4,4
0,6.3,0.76,0,2.9,0.072,26,52,0.99379,3.51,0.6,11.5,6
0,7.6,0.735,0.02,2.5,0.071,10,14,0.99538,3.51,0.71,11.7,7
1,5.6,0.18,0.58,1.25,0.034,29,129,0.98984,3.51,0.6,12,7
1,5.6,0.18,0.58,1.25,0.034,29,129,0.98984,3.51,0.6,12,7
0,8.2,0.59,0,2.5,0.093,19,58,1.0002,3.5,0.65,9.3,6
1,7,0.12,0.28,6.3,0.057,17,103,0.9957,3.5,0.44,9.6,5
0,9.6,0.6,0.5,2.3,0.079,28,71,0.9997,3.5,0.57,9.7,5
0,9.6,0.6,0.5,2.3,0.079,28,71,0.9997,3.5,0.57,9.7,5
0,5.7,1.13,0.09,1.5,0.172,7,19,0.994,3.5,0.48,9.8,4
0,7.1,0.52,0.03,2.6,0.076,21,92,0.99745,3.5,0.6,9.8,5
1,6.6,0.4,0.46,6.2,0.056,42,241,0.9968,3.5,0.6,9.9,5
0,7.4,0.68,0.16,1.8,0.078,12,39,0.9977,3.5,0.7,9.9,6
1,6.7,0.22,0.39,1.2,0.049,26,152,0.99346,3.5,0.47,10,6
1,7,0.23,0.42,5.1,0.042,37,144,0.99518,3.5,0.59,10.2,6
0,5.4,0.58,0.08,1.9,0.059,20,31,0.99484,3.5,0.64,10.2,6
1,5.1,0.21,0.28,1.4,0.047,48,148,0.99168,3.5,0.49,10.4,5
0,7.6,1.58,0,2.1,0.137,5,9,0.99476,3.5,0.4,10.9,3
0,6.5,0.9,0,1.6,0.052,9,17,0.99467,3.5,0.63,10.9,6
0,7,0.23,0.4,1.6,0.063,21,67,0.9952,3.5,0.63,11.1,5
1,5.6,0.19,0.27,0.9,0.04,52,103,0.99026,3.5,0.39,11.2,5
1,5.5,0.19,0.27,0.9,0.04,52,103,0.99026,3.5,0.39,11.2,5
0,5.9,0.46,0,1.9,0.077,25,44,0.99385,3.5,0.53,11.2,5
1,5.8,0.2,0.34,1,0.035,40,86,0.98993,3.5,0.42,11.7,5
0,6.6,0.96,0,1.8,0.082,5,16,0.9936,3.5,0.44,11.9,6
0,5.5,0.49,0.03,1.8,0.044,28,87,0.9908,3.5,0.82,14,8
0,7.3,0.695,0,2.5,0.075,3,13,0.998,3.49,0.52,9.2,5
0,6.6,0.695,0,2.1,0.075,12,56,0.9968,3.49,0.67,9.2,5
1,6.4,0.27,0.19,1.9,0.085,21,196,0.99516,3.49,0.64,9.5,4
1,6.4,0.27,0.19,2,0.084,21,191,0.99516,3.49,0.63,9.6,4
1,5.6,0.2,0.36,2.5,0.048,16,125,0.99282,3.49,0.49,10,6
1,7.7,0.29,0.29,4.8,0.06,27,156,0.99572,3.49,0.59,10.3,6
0,7.1,0.43,0.17,1.8,0.082,27,51,0.99634,3.49,0.64,10.4,5
0,7.1,0.43,0.17,1.8,0.082,27,51,0.99634,3.49,0.64,10.4,5
1,6.5,0.18,0.29,1.7,0.035,39,144,0.9927,3.49,0.5,10.5,6
0,7.4,0.55,0.19,1.8,0.082,15,34,0.99655,3.49,0.68,10.5,5
0,7.4,0.55,0.19,1.8,0.082,15,34,0.99655,3.49,0.68,10.5,5
1,5.6,0.18,0.3,10.2,0.028,28,131,0.9954,3.49,0.42,10.8,7
1,5.6,0.33,0.28,1.2,0.031,33,97,0.99126,3.49,0.58,10.9,6
1,6.3,0.21,0.31,1.2,0.043,30,117,0.99158,3.49,0.68,11,6
0,6.4,0.67,0.08,2.1,0.045,19,48,0.9949,3.49,0.49,11.4,6
0,6.4,0.795,0,2.2,0.065,28,52,0.99378,3.49,0.52,11.6,5
0,7.9,0.51,0.25,2.9,0.077,21,45,0.9974,3.49,0.96,12.1,6
1,6.3,0.48,0.48,1.8,0.035,35,96,0.99121,3.49,0.74,12.2,6
0,5,0.4,0.5,4.3,0.046,29,80,0.9902,3.49,0.66,13.6,6
0,7,0.62,0.08,1.8,0.076,8,24,0.9978,3.48,0.53,9,5
0,7.6,0.41,0.49,2,0.088,16,43,0.998,3.48,0.64,9.1,5
0,7.2,0.415,0.36,2,0.081,13,45,0.9972,3.48,0.64,9.2,5
0,7.1,0.68,0,2.2,0.073,12,22,0.9969,3.48,0.5,9.3,5
0,7.7,0.56,0.2,2,0.075,9,39,0.9987,3.48,0.62,9.3,5
0,6.8,0.67,0.02,1.8,0.05,5,11,0.9962,3.48,0.52,9.5,5
0,7,0.805,0,2.5,0.068,7,20,0.9969,3.48,0.56,9.6,5
1,7.2,0.34,0.3,8.4,0.051,40,167,0.99756,3.48,0.62,9.7,5
1,7.2,0.34,0.3,8.4,0.051,40,167,0.99756,3.48,0.62,9.7,5
0,10,0.29,0.4,2.9,0.098,10,26,1.0006,3.48,0.91,9.7,5
0,7.1,0.61,0.02,2.5,0.081,17,87,0.99745,3.48,0.6,9.7,6
0,9.2,0.92,0.24,2.6,0.087,12,93,0.9998,3.48,0.54,9.8,5
0,7.4,0.61,0.01,2,0.074,13,38,0.99748,3.48,0.65,9.8,5
0,7.4,0.61,0.01,2,0.074,13,38,0.99748,3.48,0.65,9.8,5
1,7.3,0.27,0.37,9.7,0.042,36,130,0.9979,3.48,0.75,9.9,6
0,8.3,0.78,0.1,2.6,0.081,45,87,0.9983,3.48,0.53,10,5
1,7.2,0.2,0.36,2.5,0.028,22,157,0.9938,3.48,0.49,10.6,6
1,6,0.34,0.29,6.1,0.046,29,134,0.99462,3.48,0.57,10.7,6
1,6,0.34,0.29,6.1,0.046,29,134,0.99462,3.48,0.57,10.7,6
1,6.2,0.2,0.26,1.1,0.047,42,119,0.99158,3.48,0.6,11,7
0,8.3,1.02,0.02,3.4,0.084,6,11,0.99892,3.48,0.49,11,3
1,5.3,0.47,0.1,1.3,0.036,11,74,0.99082,3.48,0.54,11.2,4
0,7.6,0.715,0,2.1,0.068,30,35,0.99533,3.48,0.65,11.4,6
0,6.2,0.51,0.14,1.9,0.056,15,34,0.99396,3.48,0.57,11.5,6
0,8.7,0.69,0.31,3,0.086,23,81,1.0002,3.48,0.74,11.6,6
0,8.7,0.69,0.31,3,0.086,23,81,1.0002,3.48,0.74,11.6,6
0,5.9,0.44,0,1.6,0.042,3,11,0.9944,3.48,0.85,11.7,6
1,5.7,0.26,0.3,1.8,0.039,30,105,0.98995,3.48,0.52,12.5,7
1,4.4,0.46,0.1,2.8,0.024,31,111,0.98816,3.48,0.34,13.1,6
1,5.4,0.5,0.13,5,0.028,12,107,0.99079,3.48,0.88,13.5,7
1,6.3,0.2,0.3,5.9,0.034,35,152,0.99642,3.47,0.4,8.5,6
1,6.5,0.35,0.38,7.4,0.036,20,196,0.99712,3.47,0.48,9.1,6
1,6.3,0.4,0.32,10.6,0.049,38,209,0.9981,3.47,0.59,9.3,6
1,6.3,0.38,0.17,8.8,0.08,50,212,0.99803,3.47,0.66,9.4,4
0,7.1,0.71,0,1.9,0.08,14,35,0.9972,3.47,0.55,9.4,5
0,7,0.64,0.02,2.1,0.067,9,23,0.997,3.47,0.67,9.4,6
0,7,0.65,0.02,2.1,0.066,8,25,0.9972,3.47,0.67,9.5,6
0,7,0.65,0.02,2.1,0.066,8,25,0.9972,3.47,0.67,9.5,6
0,7,0.65,0.02,2.1,0.066,8,25,0.9972,3.47,0.67,9.5,6
0,6.9,0.41,0.31,2,0.079,21,51,0.99668,3.47,0.55,9.5,6
0,7.6,0.51,0.24,2.4,0.091,8,38,0.998,3.47,0.66,9.6,6
0,6.4,0.36,0.21,2.2,0.047,26,48,0.99661,3.47,0.77,9.7,6
0,7.1,0.6,0,1.8,0.074,16,34,0.9972,3.47,0.7,9.9,6
0,7.1,0.6,0,1.8,0.074,16,34,0.9972,3.47,0.7,9.9,6
0,6.6,0.735,0.02,7.9,0.122,68,124,0.9994,3.47,0.53,9.9,5
0,6.6,0.735,0.02,7.9,0.122,68,124,0.9994,3.47,0.53,9.9,5
1,7.9,0.31,0.22,13.3,0.048,46,212,0.99942,3.47,0.59,10,5
1,7,0.24,0.24,9,0.03,42,219,0.99636,3.47,0.46,10.2,6
0,9.4,0.24,0.33,2.3,0.061,52,73,0.99786,3.47,0.9,10.2,6
1,7,0.26,0.26,10.8,0.039,37,184,0.99787,3.47,0.58,10.3,7
0,6.8,0.63,0.07,2.1,0.089,11,44,0.9953,3.47,0.55,10.4,6
1,4.9,0.335,0.14,1.3,0.036,69,168,0.99212,3.47,0.46,10.46666667,5
1,4.9,0.335,0.14,1.3,0.036,69,168,0.99212,3.47,0.46,10.46666667,5
1,4.7,0.335,0.14,1.3,0.036,69,168,0.99212,3.47,0.46,10.5,5
1,5.6,0.295,0.26,1.1,0.035,40,102,0.99154,3.47,0.56,10.6,6
0,9.3,0.36,0.39,1.5,0.08,41,55,0.99652,3.47,0.73,10.9,6
0,9.3,0.36,0.39,1.5,0.08,41,55,0.99652,3.47,0.73,10.9,6
0,9.3,0.36,0.39,1.5,0.08,41,55,0.99652,3.47,0.73,10.9,6
1,6,0.33,0.38,9.7,0.04,29,124,0.9954,3.47,0.48,11,6
1,5.6,0.15,0.26,5.55,0.051,51,139,0.99336,3.47,0.5,11,6
0,8.6,0.22,0.36,1.9,0.064,53,77,0.99604,3.47,0.87,11,7
0,6.1,0.64,0.02,2.4,0.069,26,46,0.99358,3.47,0.45,11,5
1,6.4,0.13,0.28,0.9,0.045,32,87,0.99175,3.47,0.52,11.2,6
0,6.4,0.57,0.12,2.3,0.12,25,36,0.99519,3.47,0.71,11.3,7
1,5.9,0.48,0.3,1.5,0.037,19,78,0.99057,3.47,0.42,11.9,7
0,6.4,0.69,0,1.65,0.055,7,12,0.99162,3.47,0.53,12.9,6
0,6.5,0.615,0,1.9,0.065,9,18,0.9972,3.46,0.65,9.2,5
0,6.2,0.63,0.31,1.7,0.088,15,64,0.9969,3.46,0.79,9.3,5
0,9.5,0.59,0.44,2.3,0.071,21,68,0.9992,3.46,0.63,9.5,5
0,9.5,0.59,0.44,2.3,0.071,21,68,0.9992,3.46,0.63,9.5,5
0,7.1,0.66,0,3.9,0.086,17,45,0.9976,3.46,0.54,9.5,5
0,6.4,0.57,0.02,1.8,0.067,4,11,0.997,3.46,0.68,9.5,5
0,6.4,0.57,0.02,1.8,0.067,4,11,0.997,3.46,0.68,9.5,5
0,7.6,0.36,0.31,1.7,0.079,26,65,0.99716,3.46,0.62,9.5,6
0,7.6,0.36,0.31,1.7,0.079,26,65,0.99716,3.46,0.62,9.5,6
1,7,0.14,0.28,1.3,0.026,10,56,0.99352,3.46,0.45,9.9,5
0,7.2,0.39,0.32,1.8,0.065,34,60,0.99714,3.46,0.78,9.9,5
0,6,0.5,0.04,2.2,0.092,13,26,0.99647,3.46,0.47,10,5
0,7.3,0.58,0.3,2.4,0.074,15,55,0.9968,3.46,0.59,10.2,5
0,6.8,0.69,0,5.6,0.124,21,58,0.9997,3.46,0.72,10.2,5
0,6.8,0.69,0,5.6,0.124,21,58,0.9997,3.46,0.72,10.2,5
0,6.7,0.56,0.09,2.9,0.079,7,22,0.99669,3.46,0.61,10.2,5
1,5.4,0.17,0.27,2.7,0.049,28,104,0.99224,3.46,0.55,10.3,6
1,6.7,0.39,0.31,2.7,0.054,27,202,0.9948,3.46,0.57,10.5,6
0,6.9,0.685,0,2.5,0.105,22,37,0.9966,3.46,0.57,10.6,6
1,6.7,0.34,0.3,8.5,0.059,24,152,0.99615,3.46,0.64,11,7
0,6.9,0.52,0.25,2.6,0.081,10,37,0.99685,3.46,0.5,11,5
0,6.9,0.52,0.25,2.6,0.081,10,37,0.99685,3.46,0.5,11,5
1,6,0.27,0.26,1.3,0.038,32,138,0.99125,3.46,0.43,11.1,6
1,4.8,0.26,0.23,10.6,0.034,23,111,0.99274,3.46,0.28,11.5,7
1,5.9,0.44,0.33,1.2,0.049,12,117,0.99134,3.46,0.44,11.5,5
0,7.2,0.605,0.02,1.9,0.096,10,31,0.995,3.46,0.53,11.8,6
1,6,0.35,0.51,1.2,0.029,10,102,0.9903,3.46,0.42,11.9,6
1,5.5,0.18,0.22,5.5,0.037,10,86,0.99156,3.46,0.44,12.2,5
0,6.1,0.58,0.23,2.5,0.044,16,70,0.99352,3.46,0.65,12.5,6
0,7.8,0.57,0.09,2.3,0.065,34,45,0.99417,3.46,0.74,12.7,8
1,5.9,0.65,0.23,5,0.035,20,128,0.99016,3.46,0.48,12.8,6
1,4.4,0.32,0.39,4.3,0.03,31,127,0.98904,3.46,0.36,12.8,8
0,5.1,0.51,0.18,2.1,0.042,16,101,0.9924,3.46,0.87,12.9,7
1,5.6,0.19,0.31,2.7,0.027,11,100,0.98964,3.46,0.4,13.2,7
1,6.6,0.22,0.28,12.05,0.058,25,125,0.99856,3.45,0.45,9.4,5
0,6.9,0.605,0.12,10.7,0.073,40,83,0.9993,3.45,0.52,9.4,6
0,7.1,0.34,0.28,2,0.082,31,68,0.99694,3.45,0.48,9.4,5
0,7.1,0.34,0.28,2,0.082,31,68,0.99694,3.45,0.48,9.4,5
0,7.5,0.55,0.24,2,0.078,10,28,0.9983,3.45,0.78,9.5,6
0,7.5,0.6,0.32,2.7,0.103,13,98,0.99938,3.45,0.62,9.5,5
0,7.6,0.4,0.29,1.9,0.078,29,66,0.9971,3.45,0.59,9.5,6
0,7.1,0.68,0,2.3,0.087,17,26,0.99783,3.45,0.53,9.5,5
0,7.1,0.72,0,1.8,0.123,6,14,0.99627,3.45,0.58,9.8,5
0,6.6,0.66,0,3,0.115,21,31,0.99629,3.45,0.63,10.3,5
1,7.5,0.26,0.25,1.7,0.038,29,129,0.99312,3.45,0.56,10.4,6
0,6.2,0.6,0.08,2,0.09,32,44,0.9949,3.45,0.58,10.5,5
1,6.7,0.27,0.26,2.3,0.043,61,181,0.99394,3.45,0.63,10.6,6
0,6.8,0.775,0,3,0.102,8,23,0.9965,3.45,0.56,10.7,5
1,6.1,0.22,0.31,1.4,0.039,40,129,0.99193,3.45,0.59,10.9,5
0,6.1,0.48,0.09,1.7,0.078,18,30,0.99402,3.45,0.54,11.2,6
0,6.2,0.39,0.43,2,0.071,14,24,0.99428,3.45,0.87,11.2,7
0,7.4,0.58,0,2,0.064,7,11,0.99562,3.45,0.58,11.3,6
0,8.3,0.76,0.29,4.2,0.075,12,16,0.9965,3.45,0.68,11.5,6
0,6.9,0.74,0.03,2.3,0.054,7,16,0.99508,3.45,0.63,11.5,6
0,6.9,0.74,0.03,2.3,0.054,7,16,0.99508,3.45,0.63,11.5,6
0,6.5,0.67,0,4.3,0.057,11,20,0.99488,3.45,0.56,11.8,4
0,5.7,0.6,0,1.4,0.063,11,18,0.99191,3.45,0.56,12.2,6
0,6.3,0.47,0,1.4,0.055,27,33,0.9922,3.45,0.48,12.3,6
1,6.8,0.37,0.28,1.9,0.024,64,106,0.98993,3.45,0.6,12.6,8
1,5,0.27,0.32,4.5,0.032,58,178,0.98956,3.45,0.31,12.6,7
1,5,0.27,0.32,4.5,0.032,58,178,0.98956,3.45,0.31,12.6,7
1,7.5,0.23,0.35,17.8,0.058,128,212,1.00241,3.44,0.43,8.9,5
0,7.1,0.65,0.18,1.8,0.07,13,40,0.997,3.44,0.6,9.1,5
0,8.8,0.4,0.4,2.2,0.079,19,52,0.998,3.44,0.64,9.2,5
0,7.2,0.73,0.02,2.5,0.076,16,42,0.9972,3.44,0.52,9.3,5
0,7.2,0.41,0.3,2.1,0.083,35,72,0.997,3.44,0.52,9.4,5
0,7.2,0.41,0.3,2.1,0.083,35,72,0.997,3.44,0.52,9.4,5
0,7.1,0.36,0.3,1.6,0.08,35,70,0.99693,3.44,0.5,9.4,5
0,7.1,0.67,0,2.3,0.083,18,27,0.99768,3.44,0.54,9.4,5
0,8,0.71,0,2.6,0.08,11,34,0.9976,3.44,0.53,9.5,5
1,7.2,0.115,0.3,6.8,0.056,26,105,0.9954,3.44,0.4,9.6,6
0,7.1,0.69,0.04,2.1,0.068,19,27,0.99712,3.44,0.67,9.8,5
0,6.8,0.56,0.03,1.7,0.084,18,35,0.9968,3.44,0.63,10,6
1,5.2,0.2,0.27,3.2,0.047,16,93,0.99235,3.44,0.53,10.1,7
0,7.2,0.34,0.24,2,0.071,30,52,0.99576,3.44,0.58,10.1,5
1,5.7,0.695,0.06,6.8,0.042,9,84,0.99432,3.44,0.44,10.2,5
1,5.6,0.695,0.06,6.8,0.042,9,84,0.99432,3.44,0.44,10.2,5
0,9.1,0.25,0.34,2,0.071,45,67,0.99769,3.44,0.86,10.2,7
0,6.6,0.7,0.08,2.6,0.106,14,27,0.99665,3.44,0.58,10.2,5
1,5.7,0.23,0.25,7.95,0.042,16,108,0.99486,3.44,0.61,10.3,6
0,6.3,0.3,0.48,1.8,0.069,18,61,0.9959,3.44,0.78,10.3,6
1,8,0.24,0.26,1.7,0.033,36,136,0.99316,3.44,0.51,10.4,7
1,7.7,0.28,0.29,6.9,0.041,29,163,0.9952,3.44,0.6,10.5,6
1,6.1,0.26,0.25,2.9,0.047,289,440,0.99314,3.44,0.64,10.5,3
0,7,0.58,0.12,1.9,0.091,34,124,0.9956,3.44,0.48,10.5,5
0,7,0.56,0.17,1.7,0.065,15,24,0.99514,3.44,0.68,10.55,7
0,6.6,0.705,0.07,1.6,0.076,6,15,0.9962,3.44,0.58,10.7,5
0,6.2,0.57,0.1,2.1,0.048,4,11,0.99448,3.44,0.76,10.8,6
0,7.6,0.63,0.03,2,0.08,27,43,0.99578,3.44,0.64,10.9,6
1,5.7,0.32,0.18,1.4,0.029,26,104,0.9906,3.44,0.37,11,6
1,5.7,0.22,0.25,1.1,0.05,97,175,0.99099,3.44,0.62,11.1,6
0,6.4,0.38,0.14,2.2,0.038,15,25,0.99514,3.44,0.65,11.1,6
1,5.7,0.28,0.35,1.2,0.052,39,141,0.99108,3.44,0.69,11.3,6
0,6.8,0.64,0,2.7,0.123,15,33,0.99538,3.44,0.63,11.3,6
0,6.8,0.64,0,2.7,0.123,15,33,0.99538,3.44,0.63,11.3,6
1,6,0.21,0.34,2,0.042,63,123,0.99052,3.44,0.42,11.4,6
0,6.9,0.39,0.24,2.1,0.102,4,7,0.99462,3.44,0.58,11.4,4
1,6,0.24,0.34,1,0.036,52,184,0.99097,3.44,0.44,11.45,6
0,8.9,0.875,0.13,3.45,0.088,4,14,0.9994,3.44,0.52,11.5,5
0,7.5,0.43,0.3,2.2,0.062,6,12,0.99495,3.44,0.72,11.5,7
0,7.6,0.3,0.42,2,0.052,6,24,0.9963,3.44,0.82,11.9,6
0,6.5,0.39,0.23,8.3,0.051,28,91,0.9952,3.44,0.55,12.1,6
1,5.8,0.32,0.31,2.7,0.049,25,153,0.99067,3.44,0.73,12.2,7
1,5.8,0.32,0.31,2.7,0.049,25,153,0.99067,3.44,0.73,12.2,7
0,7.6,0.43,0.4,2.7,0.082,6,11,0.99538,3.44,0.54,12.2,6
0,6.6,0.5,0,1.8,0.062,21,28,0.99352,3.44,0.55,12.3,6
1,5.6,0.26,0,10.2,0.038,13,111,0.99315,3.44,0.46,12.4,6
0,7.8,0.52,0.25,1.9,0.081,14,38,0.9984,3.43,0.65,9,6
0,7.8,0.52,0.25,1.9,0.081,14,38,0.9984,3.43,0.65,9,6
1,5.9,0.5,0.05,2.6,0.054,36,146,0.9948,3.43,0.5,9.2,6
0,7.8,0.46,0.26,1.9,0.088,23,53,0.9981,3.43,0.74,9.2,6
0,7.9,0.66,0,1.4,0.096,6,13,0.99569,3.43,0.58,9.5,5
0,6.9,0.4,0.14,2.4,0.085,21,40,0.9968,3.43,0.63,9.7,6
0,7.4,0.63,0.07,2.4,0.09,11,37,0.9979,3.43,0.76,9.7,6
1,6.5,0.27,0.26,8.2,0.042,21,133,0.99612,3.43,0.64,9.8,6
0,7.8,0.59,0.18,2.3,0.076,17,54,0.9975,3.43,0.59,10,5
0,7.2,1,0,3,0.102,7,16,0.99586,3.43,0.46,10,5
0,7.3,0.35,0.24,2,0.067,28,48,0.99576,3.43,0.54,10,4
1,7.6,0.2,0.31,1.4,0.047,41,142,0.9934,3.43,0.53,10.1,6
0,7.3,0.32,0.23,2.3,0.066,35,70,0.99588,3.43,0.62,10.1,5
1,5.8,0.17,0.36,1.3,0.036,11,70,0.99202,3.43,0.68,10.4,7
1,7,0.28,0.26,1.7,0.042,34,130,0.9925,3.43,0.5,10.7,8
0,8,0.5,0.39,2.6,0.082,12,46,0.9985,3.43,0.62,10.7,6
0,7.4,0.52,0.13,2.4,0.078,34,61,0.99528,3.43,0.59,10.8,6
1,6.3,0.28,0.29,6.8,0.051,40,143,0.99374,3.43,0.59,11,6
1,6.5,0.21,0.28,1.4,0.046,26,66,0.99199,3.43,0.48,11.1,6
0,8.1,0.72,0.09,2.8,0.084,18,49,0.9994,3.43,0.72,11.1,6
0,6.8,0.57,0,2.5,0.072,32,64,0.99491,3.43,0.56,11.2,6
0,10.1,0.935,0.22,3.4,0.105,11,86,1.001,3.43,0.64,11.3,4
0,7,0.54,0.09,2,0.081,10,16,0.99479,3.43,0.59,11.5,6
1,6.4,0.2,0.32,3.1,0.041,18,126,0.9914,3.43,0.42,12,6
1,5.5,0.16,0.26,1.5,0.032,35,100,0.99076,3.43,0.77,12,6
0,6.7,0.7,0.08,3.75,0.067,8,16,0.99334,3.43,0.52,12.6,5
1,4.2,0.215,0.23,5.1,0.041,64,157,0.99688,3.42,0.44,8,3
1,7.4,0.18,0.36,13.1,0.056,72,163,1,3.42,0.35,9.1,6
1,7.4,0.18,0.36,13.1,0.056,72,163,1,3.42,0.35,9.1,6
1,5.4,0.375,0.4,3.3,0.054,29,147,0.99482,3.42,0.52,9.1,5
1,6.6,0.34,0.18,6.4,0.082,47,240,0.9971,3.42,0.48,9.2,5
0,7.7,0.51,0.28,2.1,0.087,23,54,0.998,3.42,0.74,9.2,5
0,6.1,0.38,0.15,1.8,0.072,6,19,0.9955,3.42,0.57,9.4,5
0,6.8,0.61,0.04,1.5,0.057,5,10,0.99525,3.42,0.6,9.5,5
0,7.2,0.38,0.3,1.8,0.073,31,70,0.99685,3.42,0.59,9.5,6
0,7.2,0.38,0.3,1.8,0.073,31,70,0.99685,3.42,0.59,9.5,6
0,6.8,0.62,0.08,1.9,0.068,28,38,0.99651,3.42,0.82,9.5,6
0,7.5,0.52,0.11,1.5,0.079,11,39,0.9968,3.42,0.58,9.6,5
1,6.7,0.24,0.26,12.6,0.053,44,182,0.99802,3.42,0.42,9.7,5
1,6.9,0.23,0.33,12.8,0.056,44,169,0.998,3.42,0.42,9.8,6
0,9.8,0.25,0.49,2.7,0.088,15,33,0.9982,3.42,0.9,10,6
0,6.4,0.31,0.09,1.4,0.066,15,28,0.99459,3.42,0.7,10,7
0,6.1,0.4,0.16,1.8,0.069,11,25,0.9955,3.42,0.74,10.1,7
0,6.9,0.49,0.1,2.3,0.074,12,30,0.9959,3.42,0.58,10.2,6
0,7.1,0.69,0.08,2.1,0.063,42,52,0.99608,3.42,0.6,10.2,6
1,6.8,0.29,0.34,3.5,0.054,26,189,0.99489,3.42,0.58,10.4,5
1,6.8,0.18,0.32,7.2,0.047,17,109,0.99498,3.42,0.44,10.4,6
1,6.1,0.6,0.12,1.8,0.05,11,76,0.99268,3.42,0.48,10.4,4
0,8,0.59,0.16,1.8,0.065,3,16,0.9962,3.42,0.92,10.5,7
0,7.1,0.43,0.42,5.5,0.07,29,129,0.9973,3.42,0.72,10.5,5
0,7.1,0.43,0.42,5.5,0.071,28,128,0.9973,3.42,0.71,10.5,5
0,7.1,0.43,0.42,5.5,0.07,29,129,0.9973,3.42,0.72,10.5,5
0,7.1,0.43,0.42,5.5,0.071,28,128,0.9973,3.42,0.71,10.5,5
1,7.4,0.26,0.31,2.4,0.043,58,178,0.9941,3.42,0.68,10.6,6
0,6.7,0.41,0.43,2.8,0.076,22,54,0.99572,3.42,1.16,10.6,6
0,6.1,0.32,0.25,2.3,0.071,23,58,0.99633,3.42,0.97,10.6,5
0,6.1,0.32,0.25,2.3,0.071,23,58,0.99633,3.42,0.97,10.6,5
0,7.1,0.59,0.01,2.3,0.08,27,43,0.9955,3.42,0.58,10.7,6
0,7.1,0.59,0.01,2.3,0.08,27,43,0.9955,3.42,0.58,10.7,6
0,7.8,0.6,0.14,2.4,0.086,3,15,0.9975,3.42,0.6,10.8,6
0,7.1,0.59,0,2.2,0.078,26,44,0.99522,3.42,0.68,10.8,6
0,7.1,0.35,0.29,2.5,0.096,20,53,0.9962,3.42,0.65,11,6
0,6.3,0.51,0.13,2.3,0.076,29,40,0.99574,3.42,0.75,11,6
0,6.3,0.51,0.13,2.3,0.076,29,40,0.99574,3.42,0.75,11,6
0,7.2,0.67,0,2.2,0.068,10,24,0.9956,3.42,0.72,11.1,6
0,6.8,0.67,0.15,1.8,0.118,13,20,0.9954,3.42,0.67,11.3,6
1,6.3,0.15,0.3,1.4,0.022,38,100,0.99099,3.42,0.57,11.4,7
0,7.4,0.62,0.05,1.9,0.068,24,42,0.9961,3.42,0.57,11.5,6
0,7.1,0.59,0,2.1,0.091,9,14,0.99488,3.42,0.55,11.5,7
0,6.6,0.56,0.14,2.4,0.064,13,29,0.99397,3.42,0.62,11.7,7
1,4.8,0.13,0.32,1.2,0.042,40,98,0.9898,3.42,0.64,11.8,7
1,5.5,0.28,0.21,1.6,0.032,23,85,0.99027,3.42,0.42,12.5,5
0,7.6,0.49,0.33,1.9,0.074,27,85,0.99706,3.41,0.58,9,5
0,7.6,0.49,0.33,1.9,0.074,27,85,0.99706,3.41,0.58,9,5
0,6.2,0.45,0.2,1.6,0.069,3,15,0.9958,3.41,0.56,9.2,5
0,7.8,0.54,0.26,2,0.088,23,48,0.9981,3.41,0.74,9.2,6
0,7.3,0.39,0.31,2.4,0.074,9,46,0.9962,3.41,0.54,9.4,6
0,7.3,0.735,0,2.2,0.08,18,28,0.99765,3.41,0.6,9.4,5
0,7.4,0.29,0.38,1.7,0.062,9,30,0.9968,3.41,0.53,9.5,6
0,7.3,0.4,0.3,1.7,0.08,33,79,0.9969,3.41,0.65,9.5,6
0,6.8,0.59,0.1,1.7,0.063,34,53,0.9958,3.41,0.67,9.7,5
0,6.8,0.59,0.1,1.7,0.063,34,53,0.9958,3.41,0.67,9.7,5
1,7.2,0.23,0.33,12.7,0.049,50,183,0.9987,3.41,0.4,9.8,5
1,5.3,0.2,0.31,3.6,0.036,22,91,0.99278,3.41,0.5,9.8,6
1,6.2,0.27,0.18,1.5,0.028,20,111,0.99228,3.41,0.5,10,5
0,6.9,0.55,0.15,2.2,0.076,19,40,0.9961,3.41,0.59,10.1,5
0,6.9,0.36,0.25,2.4,0.098,5,16,0.9964,3.41,0.6,10.1,6
0,9.1,0.22,0.24,2.1,0.078,1,28,0.999,3.41,0.87,10.3,6
0,9.1,0.22,0.24,2.1,0.078,1,28,0.999,3.41,0.87,10.3,6
0,7,0.59,0,1.7,0.052,3,8,0.996,3.41,0.47,10.3,5
0,6.4,0.42,0.09,2.3,0.054,34,64,0.99724,3.41,0.68,10.4,6
0,6.8,0.59,0.06,6,0.06,11,18,0.9962,3.41,0.59,10.8,7
0,6.8,0.59,0.06,6,0.06,11,18,0.9962,3.41,0.59,10.8,7
0,6.9,0.57,0,2.8,0.081,21,41,0.99518,3.41,0.52,10.8,5
0,7.2,0.725,0.05,4.65,0.086,4,11,0.9962,3.41,0.39,10.9,5
0,7.2,0.725,0.05,4.65,0.086,4,11,0.9962,3.41,0.39,10.9,5
1,6,0.33,0.2,1.8,0.031,49,159,0.9919,3.41,0.53,11,6
1,6,0.33,0.2,1.8,0.031,49,159,0.9919,3.41,0.53,11,6
1,6,0.33,0.2,1.8,0.031,49,159,0.9919,3.41,0.53,11,6
0,7.1,0.84,0.02,4.4,0.096,5,13,0.997,3.41,0.57,11,4
1,6.1,0.105,0.31,1.3,0.037,55,145,0.9912,3.41,0.41,11.1,7
0,6.9,0.41,0.33,2.2,0.081,22,36,0.9949,3.41,0.75,11.1,6
0,6.8,0.68,0.09,3.9,0.068,15,29,0.99524,3.41,0.52,11.1,4
0,9.8,0.88,0.25,2.5,0.104,35,155,1.001,3.41,0.67,11.2,5
0,6.8,0.49,0.22,2.3,0.071,13,24,0.99438,3.41,0.83,11.3,6
1,5,0.33,0.23,11.8,0.03,23,158,0.99322,3.41,0.64,11.8,6
0,7.7,0.715,0.01,2.1,0.064,31,43,0.99371,3.41,0.57,11.8,6
0,7.7,0.715,0.01,2.1,0.064,31,43,0.99371,3.41,0.57,11.8,6
0,8.9,0.12,0.45,1.8,0.075,10,21,0.99552,3.41,0.76,11.9,7
0,8.9,0.12,0.45,1.8,0.075,10,21,0.99552,3.41,0.76,11.9,7
0,8.9,0.12,0.45,1.8,0.075,10,21,0.99552,3.41,0.76,11.9,7
0,7.7,0.23,0.37,1.8,0.046,23,60,0.9971,3.41,0.71,12.1,6
1,4.4,0.54,0.09,5.1,0.038,52,97,0.99022,3.41,0.4,12.2,7
0,7.9,0.31,0.32,1.9,0.066,14,36,0.99364,3.41,0.56,12.6,6
1,5.9,0.37,0.32,1.6,0.029,41,102,0.98916,3.41,0.55,12.7,7
0,6.3,0.57,0.28,2.1,0.048,13,49,0.99374,3.41,0.6,12.8,5
1,5.9,0.3,0.3,2,0.03,38,142,0.98892,3.41,0.41,12.9,7
1,5.9,0.17,0.29,3.1,0.03,32,123,0.98913,3.41,0.33,13.7,7
1,8.4,0.28,0.4,8.9,0.048,33,146,0.9988,3.4,0.46,9.3,5
1,6.9,0.4,0.22,5.95,0.081,76,303,0.99705,3.4,0.57,9.4,5
0,6.6,0.52,0.04,2.2,0.069,8,15,0.9956,3.4,0.63,9.4,6
0,7.7,0.66,0.04,1.6,0.039,4,9,0.9962,3.4,0.47,9.4,5
1,8,0.36,0.43,10.1,0.053,29,146,0.9982,3.4,0.46,9.5,6
0,7.9,0.72,0.17,2.6,0.096,20,38,0.9978,3.4,0.53,9.5,5
0,7.2,0.35,0.26,1.8,0.083,33,75,0.9968,3.4,0.58,9.5,6
0,7.6,0.43,0.29,2.1,0.075,19,66,0.99718,3.4,0.64,9.5,5
0,7.6,0.43,0.29,2.1,0.075,19,66,0.99718,3.4,0.64,9.5,5
0,7.8,0.645,0,5.5,0.086,5,18,0.9986,3.4,0.55,9.6,6
0,6.8,0.67,0,1.9,0.08,22,39,0.99701,3.4,0.74,9.7,5
0,6.9,0.58,0.01,1.9,0.08,40,54,0.99683,3.4,0.73,9.7,5
0,6.6,0.5,0.01,1.5,0.06,17,26,0.9952,3.4,0.58,9.8,6
0,6.9,0.63,0.02,1.9,0.078,18,30,0.99712,3.4,0.75,9.8,5
0,6.9,0.63,0.02,1.9,0.078,18,30,0.99712,3.4,0.75,9.8,5
1,7.2,0.2,0.31,10,0.054,49,165,0.997,3.4,0.42,9.9,6
0,8.6,0.8,0.11,2.3,0.084,12,31,0.9979,3.4,0.48,9.9,5
0,7,0.78,0.08,2,0.093,10,19,0.9956,3.4,0.47,10,5
0,7.3,0.67,0.05,3.6,0.107,6,20,0.9972,3.4,0.63,10.1,5
0,7,0.36,0.21,2.3,0.086,20,65,0.99558,3.4,0.54,10.1,6
0,7,0.36,0.21,2.4,0.086,24,69,0.99556,3.4,0.53,10.1,6
0,8.3,0.61,0.3,2.1,0.084,11,50,0.9972,3.4,0.61,10.2,6
0,7.1,0.875,0.05,5.7,0.082,3,14,0.99808,3.4,0.52,10.2,3
0,6.9,0.765,0.18,2.4,0.243,5.5,48,0.99612,3.4,0.6,10.3,6
0,6.9,0.635,0.17,2.4,0.241,6,18,0.9961,3.4,0.59,10.3,6
1,6.2,0.25,0.28,8.5,0.035,28,108,0.99486,3.4,0.42,10.4,6
1,6.9,0.3,0.36,4.5,0.054,31,203,0.99513,3.4,0.57,10.4,4
1,6.7,0.17,0.27,1.4,0.032,39,149,0.99254,3.4,0.52,10.5,5
1,6.1,0.16,0.37,1.1,0.031,37,97,0.9922,3.4,0.58,10.5,6
1,6.9,0.19,0.32,7.9,0.042,30,130,0.99456,3.4,0.39,10.5,6
1,5.6,0.26,0.27,10.6,0.03,27,119,0.9947,3.4,0.34,10.7,7
1,5.6,0.205,0.16,12.55,0.051,31,115,0.99564,3.4,0.38,10.8,6
1,5.4,0.205,0.16,12.55,0.051,31,115,0.99564,3.4,0.38,10.8,6
0,7.1,0.47,0,2.2,0.067,7,14,0.99517,3.4,0.58,10.9,4
0,7.1,0.6,0.01,2.3,0.079,24,37,0.99514,3.4,0.61,10.9,6
0,7.1,0.6,0.01,2.3,0.079,24,37,0.99514,3.4,0.61,10.9,6
0,7.8,0.7,0.06,1.9,0.079,20,35,0.99628,3.4,0.69,10.9,5
0,7.4,0.25,0.29,2.2,0.054,19,49,0.99666,3.4,0.76,10.9,7
1,7.7,0.42,0.38,8.1,0.061,49,144,0.9966,3.4,0.58,11,6
0,7.5,0.27,0.34,2.3,0.05,4,8,0.9951,3.4,0.64,11,7
0,7.2,0.36,0.46,2.1,0.074,24,44,0.99534,3.4,0.85,11,7
0,7.2,0.36,0.46,2.1,0.074,24,44,0.99534,3.4,0.85,11,7
0,7.2,0.36,0.46,2.1,0.074,24,44,0.99534,3.4,0.85,11,7
0,7.2,0.36,0.46,2.1,0.074,24,44,0.99534,3.4,0.85,11,7
0,6.8,0.56,0.22,1.8,0.074,15,24,0.99438,3.4,0.82,11.2,6
0,6.9,0.51,0.23,2,0.072,13,22,0.99438,3.4,0.84,11.2,6
0,6.8,0.56,0.22,1.8,0.074,15,24,0.99438,3.4,0.82,11.2,6
0,8.2,0.26,0.34,2.5,0.073,16,47,0.99594,3.4,0.78,11.3,7
1,5.9,0.2,0.28,1,0.043,45,100,0.99033,3.4,0.41,11.4,6
1,6.5,0.14,0.32,2.7,0.037,18,89,0.9924,3.4,0.74,11.5,7
0,8.9,0.31,0.36,2.6,0.056,10,39,0.99562,3.4,0.69,11.8,5
1,6.2,0.235,0.34,1.9,0.036,4,117,0.99032,3.4,0.44,12.2,5
1,5.1,0.305,0.13,1.75,0.036,17,73,0.99,3.4,0.51,12.33333333,5
1,6.6,0.32,0.26,4.6,0.031,26,120,0.99198,3.4,0.73,12.5,7
0,6.6,0.52,0.08,2.4,0.07,13,26,0.99358,3.4,0.72,12.5,7
1,5.8,0.3,0.27,1.7,0.014,45,104,0.98914,3.4,0.56,12.6,7
1,5.9,0.34,0.31,2,0.03,38,142,0.98892,3.4,0.41,12.9,7
1,5.9,0.34,0.31,2,0.03,38,142,0.98892,3.4,0.41,12.9,7
1,6,0.21,0.29,13.1,0.042,28,125,0.99936,3.39,0.45,8.6,5
0,8,0.39,0.3,1.9,0.074,32,84,0.99717,3.39,0.61,9,5
0,6.9,0.48,0.2,1.9,0.082,9,23,0.99585,3.39,0.43,9.05,4
1,6.1,0.36,0.41,19.35,0.07,67,207,1.00118,3.39,0.53,9.1,5
0,8.8,0.24,0.54,2.5,0.083,25,57,0.9983,3.39,0.54,9.2,5
1,8.3,0.4,0.41,8.2,0.05,15,122,0.9979,3.39,0.49,9.3,5
0,7.6,0.665,0.1,1.5,0.066,27,55,0.99655,3.39,0.51,9.3,5
0,8.9,0.22,0.48,1.8,0.077,29,60,0.9968,3.39,0.53,9.4,6
0,6.6,0.5,0.04,2.1,0.068,6,14,0.9955,3.39,0.64,9.4,6
0,9.9,0.54,0.45,2.3,0.071,16,40,0.9991,3.39,0.62,9.4,5
0,9.9,0.54,0.45,2.3,0.071,16,40,0.9991,3.39,0.62,9.4,5
0,9.9,0.54,0.45,2.3,0.071,16,40,0.9991,3.39,0.62,9.4,5
0,7.6,0.54,0.13,2.5,0.097,24,66,0.99785,3.39,0.61,9.4,5
1,6.1,0.33,0.32,7.8,0.052,52,183,0.99657,3.39,0.65,9.5,5
1,6.1,0.33,0.32,7.8,0.052,52,183,0.99657,3.39,0.65,9.5,5
0,7.8,0.5,0.17,1.6,0.082,21,102,0.996,3.39,0.48,9.5,5
0,7.4,0.67,0.12,1.6,0.186,5,21,0.996,3.39,0.54,9.5,5
0,7.7,0.49,0.26,1.9,0.062,9,31,0.9966,3.39,0.64,9.6,5
0,7.7,0.49,0.26,1.9,0.062,9,31,0.9966,3.39,0.64,9.6,5
0,7.3,0.835,0.03,2.1,0.092,10,19,0.9966,3.39,0.47,9.6,5
0,7.9,0.72,0.01,1.9,0.076,7,32,0.99668,3.39,0.54,9.6,5
1,6.3,0.28,0.24,8.45,0.031,32,172,0.9958,3.39,0.57,9.7,7
0,7.7,0.705,0.1,2.6,0.084,9,26,0.9976,3.39,0.49,9.7,5
0,7.5,0.49,0.19,1.9,0.076,10,44,0.9957,3.39,0.54,9.7,5
0,7,0.735,0.05,2,0.081,13,54,0.9966,3.39,0.57,9.8,5
0,7.6,0.9,0.06,2.5,0.079,5,10,0.9967,3.39,0.56,9.8,5
0,9,0.82,0.14,2.6,0.089,9,23,0.9984,3.39,0.63,9.8,5
1,6.9,0.26,0.33,12.6,0.051,59,173,0.998,3.39,0.38,9.9,5
1,6.7,0.25,0.26,13.5,0.06,50,156,0.99784,3.39,0.46,9.9,6
0,7.3,0.65,0,1.2,0.065,15,21,0.9946,3.39,0.47,10,7
0,8.3,0.54,0.28,1.9,0.077,11,40,0.9978,3.39,0.61,10,6
0,7.2,0.835,0,2,0.166,4,11,0.99608,3.39,0.52,10,5
0,6,0.42,0.19,2,0.075,22,47,0.99522,3.39,0.78,10,6
0,7.7,0.6,0.06,2,0.079,19,41,0.99697,3.39,0.62,10.1,6
1,6.4,0.46,0.22,14.7,0.047,51,183,0.998275,3.39,0.6,10.5,5
0,8.4,0.29,0.4,1.7,0.067,8,20,0.99603,3.39,0.6,10.5,5
0,5.6,0.31,0.78,13.9,0.074,23,92,0.99677,3.39,0.48,10.5,6
0,6.7,0.46,0.24,1.7,0.077,18,34,0.9948,3.39,0.6,10.6,6
0,6.7,0.46,0.24,1.7,0.077,18,34,0.9948,3.39,0.6,10.6,6
0,6.7,0.46,0.24,1.7,0.077,18,34,0.9948,3.39,0.6,10.6,6
0,6.7,0.46,0.24,1.7,0.077,18,34,0.9948,3.39,0.6,10.6,6
0,8.2,0.28,0.6,3,0.104,10,22,0.99828,3.39,0.68,10.6,5
0,8.2,0.28,0.6,3,0.104,10,22,0.99828,3.39,0.68,10.6,5
1,7,0.18,0.26,1.4,0.044,46,89,0.99256,3.39,0.48,10.7,7
1,6.1,0.24,0.25,1.6,0.044,24,115,0.9921,3.39,0.59,10.9,6
0,7,0.42,0.19,2.3,0.071,18,36,0.99476,3.39,0.56,10.9,5
0,6.7,0.67,0.02,1.9,0.061,26,42,0.99489,3.39,0.82,10.9,6
0,7.4,0.36,0.29,2.6,0.087,26,72,0.99645,3.39,0.68,11,5
0,7.2,0.54,0.27,2.6,0.084,12,78,0.9964,3.39,0.71,11,5
0,6,0.31,0.47,3.6,0.067,18,42,0.99549,3.39,0.66,11,6
1,5,0.35,0.25,7.8,0.031,24,116,0.99241,3.39,0.4,11.3,6
1,5,0.35,0.25,7.8,0.031,24,116,0.99241,3.39,0.4,11.3,6
0,7,0.38,0.49,2.5,0.097,33,85,0.9962,3.39,0.77,11.4,6
0,7.8,0.39,0.42,2,0.086,9,21,0.99526,3.39,0.66,11.6,6
1,7.8,0.965,0.6,65.8,0.074,8,160,1.03898,3.39,0.69,11.7,6
1,6.3,0.3,0.91,8.2,0.034,50,199,0.99394,3.39,0.49,11.7,6
1,6.3,0.3,0.91,8.2,0.034,50,199,0.99394,3.39,0.49,11.7,6
1,6,0.34,0.32,3.8,0.044,13,116,0.99108,3.39,0.44,11.8,7
0,8.8,0.3,0.38,2.3,0.06,19,72,0.99543,3.39,0.72,11.8,6
0,8.8,0.3,0.38,2.3,0.06,19,72,0.99543,3.39,0.72,11.8,6
1,6.15,0.21,0.37,3.2,0.021,20,80,0.99076,3.39,0.47,12,5
1,6.15,0.21,0.37,3.2,0.021,20,80,0.99076,3.39,0.47,12,5
0,7.1,0.22,0.49,1.8,0.039,8,18,0.99344,3.39,0.56,12.4,6
1,6.1,0.3,0.3,2.1,0.031,50,163,0.9895,3.39,0.43,12.7,7
1,6.1,0.3,0.3,2.1,0.031,50,163,0.9895,3.39,0.43,12.7,7
0,7.1,0.75,0.01,2.2,0.059,11,18,0.99242,3.39,0.4,12.8,6
0,7.1,0.75,0.01,2.2,0.059,11,18,0.99242,3.39,0.4,12.8,6
1,5.4,0.46,0.15,2.1,0.026,29,130,0.98953,3.39,0.77,13.4,8
1,5.4,0.46,0.15,2.1,0.026,29,130,0.98953,3.39,0.77,13.4,8
0,5.8,0.29,0.26,1.7,0.063,3,11,0.9915,3.39,0.54,13.5,6
1,6,0.36,0.32,1.1,0.053,26,173,0.99414,3.38,0.54,8.8,5
0,7.4,0.59,0.08,4.4,0.086,6,29,0.9974,3.38,0.5,9,4
0,5.2,0.32,0.25,1.8,0.103,13,50,0.9957,3.38,0.55,9.2,5
1,8.3,0.33,0.43,9.2,0.046,22,126,0.9982,3.38,0.47,9.3,5
0,7.5,0.65,0.18,7,0.088,27,94,0.99915,3.38,0.77,9.4,5
0,7.5,0.52,0.16,1.9,0.085,12,35,0.9968,3.38,0.62,9.5,7
0,7.1,0.68,0.07,1.9,0.075,16,51,0.99685,3.38,0.52,9.5,5
0,9,0.43,0.34,2.5,0.08,26,86,0.9987,3.38,0.62,9.5,6
0,9.1,0.45,0.35,2.4,0.08,23,78,0.9987,3.38,0.62,9.5,5
0,8.9,0.565,0.34,3,0.093,16,112,0.9998,3.38,0.61,9.5,5
0,6.6,0.57,0.02,2.1,0.115,6,16,0.99654,3.38,0.69,9.5,5
0,8.1,0.73,0,2.5,0.081,12,24,0.99798,3.38,0.46,9.6,4
0,6.8,0.83,0.09,1.8,0.074,4,25,0.99534,3.38,0.45,9.6,5
1,6.4,0.16,0.37,1.5,0.037,27,109,0.99345,3.38,0.5,9.8,6
0,7.8,0.645,0,2,0.082,8,16,0.9964,3.38,0.59,9.8,6
0,8.2,0.39,0.49,2.3,0.099,47,133,0.9979,3.38,0.99,9.8,5
0,6.9,0.49,0.19,1.7,0.079,13,26,0.99547,3.38,0.64,9.8,6
1,5.7,0.33,0.15,1.9,0.05,20,93,0.9934,3.38,0.62,9.9,5
0,10.4,0.44,0.42,1.5,0.145,34,48,0.99832,3.38,0.86,9.9,3
0,11.6,0.47,0.44,1.6,0.147,36,51,0.99836,3.38,0.86,9.9,4
1,7.3,0.21,0.21,1.6,0.046,35,133,0.99466,3.38,0.46,10,6
0,7.5,0.71,0,1.6,0.092,22,31,0.99635,3.38,0.58,10,6
1,7.2,0.16,0.26,7.1,0.054,41,224,0.9966,3.38,0.55,10.1,5
1,7.2,0.16,0.26,7.1,0.054,41,224,0.9966,3.38,0.55,10.1,5
1,7,0.16,0.26,7.3,0.047,30,220,0.99622,3.38,0.58,10.1,6
1,7,0.16,0.26,6.85,0.047,30,220,0.99622,3.38,0.58,10.1,6
1,7.3,0.25,0.28,1.5,0.043,19,113,0.99338,3.38,0.56,10.1,6
0,6.7,0.75,0.12,2,0.086,12,80,0.9958,3.38,0.52,10.1,5
0,6.8,0.41,0.31,8.8,0.084,26,45,0.99824,3.38,0.64,10.1,6
0,6.8,0.41,0.31,8.8,0.084,26,45,0.99824,3.38,0.64,10.1,6
0,7.2,0.57,0.05,2.3,0.081,16,36,0.99564,3.38,0.6,10.3,6
0,7.2,0.57,0.05,2.3,0.081,16,36,0.99564,3.38,0.6,10.3,6
0,6.8,0.68,0.21,2.1,0.07,9,23,0.99546,3.38,0.6,10.3,5
0,6.5,0.53,0.06,2,0.063,29,44,0.99489,3.38,0.83,10.3,6
0,6.5,0.53,0.06,2,0.063,29,44,0.99489,3.38,0.83,10.3,6
1,5.8,0.3,0.12,1.6,0.036,57,163,0.99239,3.38,0.59,10.5,6
1,6.4,0.3,0.36,2,0.052,18,141,0.99273,3.38,0.53,10.5,6
1,5.9,0.25,0.24,7.4,0.044,21,113,0.99462,3.38,0.58,10.5,6
0,8.9,0.4,0.32,5.6,0.087,10,47,0.9991,3.38,0.77,10.5,7
0,8.9,0.4,0.32,5.6,0.087,10,47,0.9991,3.38,0.77,10.5,7
0,10.2,0.4,0.4,2.5,0.068,41,54,0.99754,3.38,0.86,10.5,6
0,7.1,0.27,0.6,2.1,0.074,17,25,0.99814,3.38,0.72,10.6,6
0,7.5,0.53,0.06,2.6,0.086,20,44,0.9965,3.38,0.59,10.7,6
0,7.7,0.6,0,2.6,0.055,7,13,0.99639,3.38,0.56,10.8,5
0,7.8,0.815,0.01,2.6,0.074,48,90,0.99621,3.38,0.62,10.8,5
1,5.9,0.21,0.23,7.9,0.033,22,130,0.9944,3.38,0.59,10.9,6
0,7.5,0.685,0.07,2.5,0.058,5,9,0.99632,3.38,0.55,10.9,4
1,7.3,0.19,0.27,1.6,0.027,35,136,0.99248,3.38,0.54,11,7
1,6.5,0.22,0.27,1.6,0.039,36,116,0.99178,3.38,0.57,11,7
1,5.3,0.275,0.24,7.4,0.038,28,114,0.99313,3.38,0.51,11,6
0,6.1,0.6,0.08,1.8,0.071,14,45,0.99336,3.38,0.54,11,5
0,7.6,0.35,0.6,2.6,0.073,23,44,0.99656,3.38,0.79,11.1,6
1,6.4,0.22,0.32,4.9,0.046,50,156,0.99316,3.38,0.55,11.2,6
1,6,0.2,0.32,3,0.031,26,118,0.99134,3.38,0.68,11.2,7
1,4.8,0.17,0.28,2.9,0.03,22,111,0.9902,3.38,0.34,11.3,7
0,7,0.69,0.07,2.5,0.091,15,21,0.99572,3.38,0.6,11.3,6
0,7,0.69,0.07,2.5,0.091,15,21,0.99572,3.38,0.6,11.3,6
0,7,0.69,0.07,2.5,0.091,15,21,0.99572,3.38,0.6,11.3,6
1,6.4,0.14,0.31,1.2,0.034,53,138,0.99084,3.38,0.35,11.5,7
1,6.4,0.14,0.31,1.2,0.034,53,138,0.99084,3.38,0.35,11.5,7
1,5.1,0.35,0.26,6.8,0.034,36,120,0.99188,3.38,0.4,11.5,6
1,5.1,0.35,0.26,6.8,0.034,36,120,0.99188,3.38,0.4,11.5,6
1,5.1,0.35,0.26,6.8,0.034,36,120,0.99188,3.38,0.4,11.5,6
0,8.5,0.34,0.4,4.7,0.055,3,9,0.99738,3.38,0.66,11.6,7
0,7.3,0.44,0.2,1.6,0.049,24,64,0.9935,3.38,0.57,11.7,6
0,6.9,0.58,0.2,1.75,0.058,8,22,0.99322,3.38,0.49,11.7,5
1,5.8,0.17,0.34,1.8,0.045,96,170,0.99035,3.38,0.9,11.8,8
1,5.8,0.17,0.34,1.8,0.045,96,170,0.99035,3.38,0.9,11.8,8
0,8.4,0.62,0.12,1.8,0.072,38,46,0.99504,3.38,0.89,11.8,6
0,8.4,0.62,0.12,1.8,0.072,38,46,0.99504,3.38,0.89,11.8,6
0,8.5,0.37,0.32,1.8,0.066,26,51,0.99456,3.38,0.72,11.8,6
0,8,0.25,0.43,1.7,0.067,22,50,0.9946,3.38,0.6,11.9,6
1,6.8,0.46,0.26,2.7,0.042,28,83,0.99114,3.38,0.51,12,8
1,7,0.32,0.31,6.4,0.031,38,115,0.99235,3.38,0.58,12.2,7
1,7,0.32,0.31,6.4,0.031,38,115,0.99235,3.38,0.58,12.2,7
1,7,0.32,0.29,4.9,0.036,41,150,0.99168,3.38,0.43,12.2,6
0,6.6,0.58,0.02,2.4,0.069,19,40,0.99387,3.38,0.66,12.6,6
0,8.3,0.33,0.42,2.3,0.07,9,20,0.99426,3.38,0.77,12.7,7
0,7.4,0.36,0.34,1.8,0.075,18,38,0.9933,3.38,0.88,13.6,7
1,5.8,0.39,0.47,7.5,0.027,12,88,0.9907,3.38,0.45,14,6
0,7.3,0.55,0.03,1.6,0.072,17,42,0.9956,3.37,0.48,9,4
0,7.2,0.63,0,1.9,0.097,14,38,0.99675,3.37,0.58,9,6
0,7.2,0.63,0,1.9,0.097,14,38,0.99675,3.37,0.58,9,6
0,7.2,0.63,0,1.9,0.097,14,38,0.99675,3.37,0.58,9,6
0,7.2,0.645,0,1.9,0.097,15,39,0.99675,3.37,0.58,9.2,6
1,6.6,0.24,0.3,13,0.052,18,143,0.99825,3.37,0.49,9.4,6
0,7.8,0.56,0.12,2,0.082,7,28,0.997,3.37,0.5,9.4,6
0,7.4,0.6,0.26,7.3,0.07,36,121,0.9982,3.37,0.49,9.4,5
0,7.3,0.59,0.26,7.2,0.07,35,121,0.9981,3.37,0.49,9.4,5
0,8.3,0.56,0.22,2.4,0.082,10,86,0.9983,3.37,0.62,9.5,5
1,7.1,0.22,0.32,16.9,0.056,49,158,0.9998,3.37,0.38,9.6,6
1,7.1,0.22,0.32,16.9,0.056,49,158,0.9998,3.37,0.38,9.6,6
0,8,0.33,0.53,2.5,0.091,18,80,0.9976,3.37,0.8,9.6,6
0,8.2,0.78,0,2.2,0.089,13,26,0.9978,3.37,0.46,9.6,4
0,7,0.655,0.16,2.1,0.074,8,25,0.99606,3.37,0.55,9.7,5
1,7.2,0.15,0.33,1.1,0.027,16,63,0.9937,3.37,0.4,9.9,5
0,8,0.38,0.06,1.8,0.078,12,49,0.99625,3.37,0.52,9.9,6
0,8.6,0.45,0.31,2.6,0.086,21,50,0.9982,3.37,0.91,9.9,6
0,8.4,1.035,0.15,6,0.073,11,54,0.999,3.37,0.49,9.9,5
1,7.2,0.2,0.22,1.6,0.044,17,101,0.99471,3.37,0.53,10,5
1,7.2,0.2,0.22,1.6,0.044,17,101,0.99471,3.37,0.53,10,5
0,7.8,0.64,0.1,6,0.115,5,11,0.9984,3.37,0.69,10.1,7
0,7.2,0.34,0.21,2.5,0.075,41,68,0.99586,3.37,0.54,10.1,6
1,7,0.31,0.39,7.5,0.055,42,218,0.99652,3.37,0.54,10.3,5
0,7.5,0.4,0.12,3,0.092,29,53,0.9967,3.37,0.7,10.3,6
0,8.9,0.59,0.39,2.3,0.095,5,22,0.9986,3.37,0.58,10.3,5
0,7.6,0.645,0.03,1.9,0.086,14,57,0.9969,3.37,0.46,10.3,5
0,7.6,0.645,0.03,1.9,0.086,14,57,0.9969,3.37,0.46,10.3,5
1,5.8,0.22,0.25,1.5,0.024,21,109,0.99234,3.37,0.58,10.4,6
0,7.1,0.46,0.2,1.9,0.077,28,54,0.9956,3.37,0.64,10.4,6
0,7.1,0.46,0.2,1.9,0.077,28,54,0.9956,3.37,0.64,10.4,6
0,7.6,0.54,0.02,1.7,0.085,17,31,0.99589,3.37,0.51,10.4,6
0,7.4,0.41,0.24,1.8,0.066,18,47,0.9956,3.37,0.62,10.4,5
0,7.7,0.43,0.25,2.6,0.073,29,63,0.99615,3.37,0.58,10.5,6
0,7.7,0.43,0.25,2.6,0.073,29,63,0.99615,3.37,0.58,10.5,6
0,7.4,0.49,0.19,3,0.077,16,37,0.9966,3.37,0.51,10.5,5
1,7.8,0.17,0.23,1.7,0.029,39,128,0.99272,3.37,0.41,10.7,7
0,8.1,0.825,0.24,2.1,0.084,5,13,0.9972,3.37,0.77,10.7,6
1,8.1,0.24,0.38,4.3,0.044,49,172,0.996,3.37,0.74,10.8,6
1,6.7,0.14,0.46,1.6,0.036,15,92,0.99264,3.37,0.49,10.9,5
1,6.2,0.23,0.35,0.7,0.051,24,111,0.9916,3.37,0.43,11,3
0,8,0.64,0.22,2.4,0.094,5,33,0.99612,3.37,0.58,11,5
1,6.8,0.18,0.46,1.4,0.064,37,160,0.9924,3.37,0.45,11.1,5
1,6.6,0.21,0.29,1.8,0.026,35,128,0.99183,3.37,0.48,11.2,6
0,7.2,0.48,0.07,5.5,0.089,10,18,0.99684,3.37,0.68,11.2,7
1,5.4,0.255,0.33,1.2,0.051,29,122,0.99048,3.37,0.66,11.3,6
0,8.1,0.78,0.23,2.6,0.059,5,15,0.997,3.37,0.56,11.3,5
0,8.1,0.78,0.23,2.6,0.059,5,15,0.997,3.37,0.56,11.3,5
0,9.8,0.66,0.39,3.2,0.083,21,59,0.9989,3.37,0.71,11.5,7
0,9.8,0.66,0.39,3.2,0.083,21,59,0.9989,3.37,0.71,11.5,7
1,5.3,0.36,0.27,6.3,0.028,40,132,0.99186,3.37,0.4,11.6,6
1,5.3,0.36,0.27,6.3,0.028,40,132,0.99186,3.37,0.4,11.6,6
0,7.7,0.18,0.34,2.7,0.066,15,58,0.9947,3.37,0.78,11.8,6
1,5.8,0.315,0.27,1.55,0.026,15,70,0.98994,3.37,0.4,11.9,8
1,5,0.2,0.4,1.9,0.015,20,98,0.9897,3.37,0.55,12.05,6
1,5.7,0.24,0.3,1.3,0.03,25,98,0.98968,3.37,0.43,12.4,7
0,6.4,0.36,0.53,2.2,0.23,19,35,0.9934,3.37,0.93,12.4,6
1,5.9,0.32,0.33,2.1,0.027,35,138,0.98945,3.37,0.42,12.7,6
0,7.4,0.5,0.47,2,0.086,21,73,0.997,3.36,0.57,9.1,5
0,7.9,0.885,0.03,1.8,0.058,4,8,0.9972,3.36,0.33,9.1,4
0,8.1,0.725,0.22,2.2,0.072,11,41,0.9967,3.36,0.55,9.1,5
0,7.6,0.52,0.12,3,0.067,12,53,0.9971,3.36,0.57,9.1,5
0,8.8,0.6,0.29,2.2,0.098,5,15,0.9988,3.36,0.49,9.1,5
0,8.8,0.6,0.29,2.2,0.098,5,15,0.9988,3.36,0.49,9.1,5
1,5.6,0.12,0.26,4.3,0.038,18,97,0.99477,3.36,0.46,9.2,5
1,5.8,0.13,0.26,5.1,0.039,19,103,0.99478,3.36,0.47,9.3,6
0,7.6,0.62,0.32,2.2,0.082,7,54,0.9966,3.36,0.52,9.4,5
0,9.1,0.785,0,2.6,0.093,11,28,0.9994,3.36,0.86,9.4,6
0,8.7,0.69,0,3.2,0.084,13,33,0.9992,3.36,0.45,9.4,5
0,6.5,0.4,0.1,2,0.076,30,47,0.99554,3.36,0.48,9.4,6
1,6.7,0.24,0.33,12.3,0.046,31,145,0.9983,3.36,0.4,9.5,5
1,6.7,0.24,0.33,12.3,0.046,31,145,0.9983,3.36,0.4,9.5,5
0,7.8,0.58,0.02,2,0.073,9,18,0.9968,3.36,0.57,9.5,7
0,6.8,0.5,0.11,1.5,0.075,16,49,0.99545,3.36,0.79,9.5,5
0,8.1,0.78,0.1,3.3,0.09,4,13,0.99855,3.36,0.49,9.5,5
0,6,0.5,0,1.4,0.057,15,26,0.99448,3.36,0.45,9.5,5
0,6,0.5,0,1.4,0.057,15,26,0.99448,3.36,0.45,9.5,5
0,6,0.5,0,1.4,0.057,15,26,0.99448,3.36,0.45,9.5,5
0,7.2,0.57,0.06,1.6,0.076,9,27,0.9972,3.36,0.7,9.6,6
0,8.1,0.82,0,4.1,0.095,5,14,0.99854,3.36,0.53,9.6,5
0,7,0.55,0.13,2.2,0.075,15,35,0.9959,3.36,0.59,9.7,6
0,9,0.82,0.05,2.4,0.081,26,96,0.99814,3.36,0.53,10,5
0,8,0.59,0.05,2,0.089,12,32,0.99735,3.36,0.61,10,5
1,7.2,0.24,0.29,3,0.036,17,117,0.99411,3.36,0.68,10.1,6
1,7.2,0.24,0.29,3,0.036,17,117,0.99411,3.36,0.68,10.1,6
0,8.7,0.31,0.46,1.4,0.059,11,25,0.9966,3.36,0.76,10.1,6
0,6.1,0.32,0.25,1.8,0.086,5,32,0.99464,3.36,0.44,10.1,5
0,6.1,0.34,0.25,1.8,0.084,4,28,0.99464,3.36,0.44,10.1,5
0,8.3,0.85,0.14,2.5,0.093,13,54,0.99724,3.36,0.54,10.1,5
0,6.5,0.63,0.33,1.8,0.059,16,28,0.99531,3.36,0.64,10.1,6
0,7,0.57,0.02,2,0.072,17,26,0.99575,3.36,0.61,10.2,5
1,5.6,0.19,0.46,1.1,0.032,33,115,0.9909,3.36,0.5,10.4,6
1,5.7,0.27,0.16,9,0.053,32,111,0.99474,3.36,0.37,10.4,6
1,5.7,0.27,0.16,9,0.053,32,111,0.99474,3.36,0.37,10.4,6
0,8.5,0.21,0.52,1.9,0.09,9,23,0.99648,3.36,0.67,10.4,5
0,6.8,0.64,0.03,2.3,0.075,14,31,0.99545,3.36,0.58,10.4,6
1,6.6,0.26,0.27,1.5,0.04,19,114,0.99295,3.36,0.62,10.5,6
0,10,0.31,0.47,2.6,0.085,14,33,0.99965,3.36,0.8,10.5,7
0,8.3,0.43,0.3,3.4,0.079,7,34,0.99788,3.36,0.61,10.5,5
0,7.5,0.51,0.02,1.7,0.084,13,31,0.99538,3.36,0.54,10.5,6
0,7.5,0.51,0.02,1.7,0.084,13,31,0.99538,3.36,0.54,10.5,6
0,7.5,0.51,0.02,1.7,0.084,13,31,0.99538,3.36,0.54,10.5,6
0,7.5,0.51,0.02,1.7,0.084,13,31,0.99538,3.36,0.54,10.5,6
1,6.8,0.31,0.25,10.5,0.043,30,165,0.9972,3.36,0.55,10.55,6
0,7.9,0.545,0.06,4,0.087,27,61,0.9965,3.36,0.67,10.7,6
0,7.9,0.545,0.06,4,0.087,27,61,0.9965,3.36,0.67,10.7,6
0,7.1,0.46,0.14,2.8,0.076,15,37,0.99624,3.36,0.49,10.7,5
0,7.1,0.46,0.14,2.8,0.076,15,37,0.99624,3.36,0.49,10.7,5
1,5.7,0.265,0.28,6.9,0.036,46,150,0.99299,3.36,0.44,10.8,7
1,5.7,0.265,0.28,6.9,0.036,46,150,0.99299,3.36,0.44,10.8,7
0,7.5,0.57,0.02,2.6,0.077,11,35,0.99557,3.36,0.62,10.8,6
0,7.5,0.57,0.02,2.6,0.077,11,35,0.99557,3.36,0.62,10.8,6
1,7.5,0.33,0.28,4.9,0.042,21,155,0.99385,3.36,0.57,10.9,6
0,7.7,0.96,0.2,2,0.047,15,60,0.9955,3.36,0.44,10.9,5
0,7.7,0.96,0.2,2,0.047,15,60,0.9955,3.36,0.44,10.9,5
0,6.7,0.64,0.23,2.1,0.08,11,119,0.99538,3.36,0.7,10.9,5
0,6.7,0.64,0.23,2.1,0.08,11,119,0.99538,3.36,0.7,10.9,5
1,5.1,0.29,0.28,8.3,0.026,27,107,0.99308,3.36,0.37,11,6
1,5.1,0.29,0.28,8.3,0.026,27,107,0.99308,3.36,0.37,11,6
1,5.1,0.33,0.27,6.7,0.022,44,129,0.99221,3.36,0.39,11,7
1,6.2,0.32,0.24,4.1,0.051,34,149,0.99306,3.36,0.52,11,5
0,7.3,0.365,0.49,2.5,0.088,39,106,0.9966,3.36,0.78,11,5
0,7.3,0.365,0.49,2.5,0.088,39,106,0.9966,3.36,0.78,11,5
0,7.6,0.74,0,1.9,0.1,6,12,0.99521,3.36,0.59,11,5
1,7.6,0.17,0.35,1.6,0.047,43,154,0.9934,3.36,0.69,11.1,6
0,8,0.28,0.44,1.8,0.081,28,68,0.99501,3.36,0.66,11.2,5
1,5.8,0.26,0.29,1,0.042,35,101,0.99044,3.36,0.48,11.4,7
0,7.5,0.38,0.57,2.3,0.106,5,12,0.99605,3.36,0.55,11.4,6
0,7.5,0.38,0.57,2.3,0.106,5,12,0.99605,3.36,0.55,11.4,6
1,6.5,0.18,0.33,1.4,0.029,35,138,0.99114,3.36,0.6,11.5,7
1,6.5,0.18,0.33,1.4,0.029,35,138,0.99114,3.36,0.6,11.5,7
1,6.2,0.38,0.42,2.5,0.038,34,117,0.99132,3.36,0.59,11.6,7
1,6.7,0.28,0.28,4.5,0.051,14,92,0.99224,3.36,0.58,11.9,6
0,7.4,0.35,0.33,2.4,0.068,9,26,0.9947,3.36,0.6,11.9,6
1,6.7,0.31,0.31,4.9,0.031,20,151,0.9926,3.36,0.82,12,7
1,5.9,0.2,0.23,1.5,0.037,38,93,0.99021,3.36,0.49,12,6
1,5.9,0.2,0.23,1.5,0.037,38,93,0.99021,3.36,0.49,12,6
1,5.9,0.37,0.3,1.5,0.033,35,95,0.98986,3.36,0.56,12,7
1,6.2,0.2,0.28,1.1,0.039,24,78,0.9899,3.36,0.47,12.1,6
0,6.4,0.39,0.33,3.3,0.046,12,53,0.99294,3.36,0.62,12.2,6
1,6.9,0.34,0.3,4.7,0.029,34,148,0.99165,3.36,0.49,12.3,7
0,9.6,0.33,0.52,2.2,0.074,13,25,0.99509,3.36,0.76,12.4,7
1,6.4,0.32,0.27,4.9,0.034,18,122,0.9916,3.36,0.71,12.5,6
1,6.4,0.32,0.27,4.9,0.034,18,122,0.9916,3.36,0.71,12.5,6
1,6.1,0.27,0.32,1.1,0.034,24,110,0.9898,3.36,0.4,12.5,6
1,6.1,0.27,0.32,1.1,0.034,24,110,0.9898,3.36,0.4,12.5,6
1,5.5,0.3,0.25,1.9,0.029,33,118,0.98972,3.36,0.66,12.5,6
1,6.6,0.34,0.25,4.8,0.038,16,121,0.99198,3.36,0.71,12.6,6
1,6.6,0.4,0.3,5.3,0.038,20,125,0.99204,3.36,0.73,12.6,6
1,6,0.23,0.34,1.3,0.025,23,111,0.98961,3.36,0.37,12.7,6
1,6,0.23,0.34,1.3,0.025,23,111,0.98961,3.36,0.37,12.7,6
1,5.8,0.28,0.34,2.2,0.037,24,125,0.98986,3.36,0.33,12.8,8
0,6.8,0.36,0.32,1.8,0.067,4,8,0.9928,3.36,0.55,12.8,7
0,6.8,0.36,0.32,1.8,0.067,4,8,0.9928,3.36,0.55,12.8,7
1,5,0.3,0.33,3.7,0.03,54,173,0.9887,3.36,0.3,13,7
1,5.2,0.5,0.18,2,0.036,23,129,0.98949,3.36,0.77,13.4,7
1,6.2,0.2,0.33,5.4,0.028,21,75,0.99012,3.36,0.41,13.5,7
1,5.8,0.32,0.2,2.6,0.027,17,123,0.98936,3.36,0.78,13.9,7
1,7.1,0.18,0.39,14.5,0.051,48,156,0.99947,3.35,0.78,9.1,5
1,7.1,0.18,0.39,14.5,0.051,48,156,0.99947,3.35,0.78,9.1,5
0,7.3,0.91,0.1,1.8,0.074,20,56,0.99672,3.35,0.56,9.2,5
0,9,0.69,0,2.4,0.088,19,38,0.999,3.35,0.6,9.3,5
1,6.4,0.18,0.32,9.6,0.052,24,90,0.9963,3.35,0.49,9.4,6
1,6.4,0.18,0.32,9.6,0.052,24,90,0.9963,3.35,0.49,9.4,6
0,7,0.975,0.04,2,0.087,12,67,0.99565,3.35,0.6,9.4,4
0,9.1,0.795,0,2.6,0.096,11,26,0.9994,3.35,0.83,9.4,6
0,6.9,0.5,0.04,1.5,0.085,19,49,0.9958,3.35,0.78,9.5,5
1,6.5,0.39,0.35,1.6,0.049,10,164,0.99516,3.35,0.51,9.7,5
0,9,0.45,0.49,2.6,0.084,21,75,0.9987,3.35,0.57,9.7,5
0,9,0.45,0.49,2.6,0.084,21,75,0.9987,3.35,0.57,9.7,5
0,7,0.69,0,1.9,0.114,3,10,0.99636,3.35,0.6,9.7,6
0,7.7,0.53,0.06,1.7,0.074,9,39,0.99615,3.35,0.48,9.8,6
0,8,0.725,0.24,2.8,0.083,10,62,0.99685,3.35,0.56,10,6
0,9.9,0.72,0.55,1.7,0.136,24,52,0.99752,3.35,0.94,10,5
0,7.2,0.58,0.03,2.3,0.077,7,28,0.99568,3.35,0.52,10,5
1,6.1,0.46,0.32,6.2,0.053,10,94,0.99537,3.35,0.47,10.1,5
0,6.7,0.675,0.07,2.4,0.089,17,82,0.9958,3.35,0.54,10.1,5
0,7.5,0.6,0.03,1.8,0.095,25,99,0.995,3.35,0.54,10.1,5
0,7.5,0.6,0.03,1.8,0.095,25,99,0.995,3.35,0.54,10.1,5
1,7.1,0.21,0.28,2.7,0.034,23,111,0.99405,3.35,0.64,10.2,4
1,7.1,0.21,0.28,2.7,0.034,23,111,0.99405,3.35,0.64,10.2,4
0,7.7,0.915,0.12,2.2,0.143,7,23,0.9964,3.35,0.65,10.2,7
0,6.6,0.64,0.31,6.1,0.083,7,49,0.99718,3.35,0.68,10.3,5
1,6.6,0.295,0.24,1.6,0.039,29,140,0.99304,3.35,0.61,10.4,7
1,6.6,0.26,0.24,7.2,0.038,28,137,0.9952,3.35,0.6,10.4,6
1,6.6,0.54,0.21,16.3,0.055,41,182,0.9986,3.35,0.54,10.4,6
0,6.8,0.65,0.02,2.1,0.078,8,15,0.99498,3.35,0.62,10.4,6
0,6.8,0.65,0.02,2.1,0.078,8,15,0.99498,3.35,0.62,10.4,6
0,7.5,0.5,0.36,6.1,0.071,17,102,0.9978,3.35,0.8,10.5,5
0,7.5,0.5,0.36,6.1,0.071,17,102,0.9978,3.35,0.8,10.5,5
0,7,0.51,0.09,2.1,0.062,4,9,0.99584,3.35,0.54,10.5,5
0,7,0.43,0.02,1.9,0.08,15,28,0.99492,3.35,0.81,10.6,6
1,5.8,0.28,0.28,4.2,0.044,52,158,0.992,3.35,0.44,10.7,7
1,5.6,0.28,0.27,3.9,0.043,52,158,0.99202,3.35,0.44,10.7,7
1,5.6,0.28,0.28,4.2,0.044,52,158,0.992,3.35,0.44,10.7,7
0,8.1,0.33,0.44,1.5,0.042,6,12,0.99542,3.35,0.61,10.7,5
0,6.6,0.725,0.09,5.5,0.117,9,17,0.99655,3.35,0.49,10.8,6
0,6.6,0.725,0.09,5.5,0.117,9,17,0.99655,3.35,0.49,10.8,6
1,7,0.35,0.24,1.9,0.04,21,144,0.9923,3.35,0.38,11,5
0,7.3,0.55,0.01,1.8,0.093,9,15,0.99514,3.35,0.58,11,7
1,7.6,0.2,0.34,1.8,0.041,42,148,0.99335,3.35,0.66,11.1,6
0,9.2,0.43,0.52,2.3,0.083,14,23,0.9976,3.35,0.61,11.3,6
1,5.1,0.26,0.33,1.1,0.027,46,113,0.98946,3.35,0.43,11.4,7
0,7.9,0.34,0.42,2,0.086,8,19,0.99546,3.35,0.6,11.4,6
1,5.9,0.29,0.32,1.4,0.022,17,47,0.9899,3.35,0.35,11.5,6
0,6.6,0.58,0.02,2,0.062,37,53,0.99374,3.35,0.76,11.6,7
1,5.8,0.35,0.29,3.2,0.034,41,151,0.9912,3.35,0.58,11.63333333,7
0,8.6,0.42,0.39,1.8,0.068,6,12,0.99516,3.35,0.69,11.7,8
1,6.3,0.34,0.27,2.5,0.024,40,152,0.99095,3.35,0.6,11.9,7
0,7.4,0.49,0.27,2.1,0.071,14,25,0.99388,3.35,0.63,12,6
0,7.4,0.49,0.27,2.1,0.071,14,25,0.99388,3.35,0.63,12,6
0,7.2,0.53,0.14,2.1,0.064,15,29,0.99323,3.35,0.61,12.1,6
0,7.3,0.34,0.33,2.5,0.064,21,37,0.9952,3.35,0.77,12.1,7
1,7.1,0.34,0.31,5.2,0.032,36,140,0.99166,3.35,0.47,12.3,7
1,6.1,1.1,0.16,4.4,0.033,8,109,0.99058,3.35,0.47,12.4,4
0,7.1,0.16,0.44,2.5,0.068,17,31,0.99328,3.35,0.54,12.4,6
1,5.7,0.22,0.28,1.3,0.027,26,101,0.98948,3.35,0.38,12.5,7
0,8.9,0.43,0.45,1.9,0.052,6,16,0.9948,3.35,0.7,12.5,6
1,5.9,0.21,0.31,1.8,0.033,45,142,0.98984,3.35,0.5,12.7,6
